,symbol,assets,open,high,low,ltP,chn,per,qty,trdVal,nav,wkhi,wklo,xDt,cAct,yPC,mPC,prevClose,nearWKH,nearWKL,chartTodayPath,perChange365d,date365dAgo,chart365dPath,date30dAgo,perChange30d,chart30dPath,companyName,industry,activeSeries,debtSeries,isFNOSec,isCASec,isSLBSec,isDebtSec,isSuspended,tempSuspendedSeries,isETFSec,isDelisted,isin,isMunicipalBond,quotepreopenstatus,20DMA,CMP-20DMA,CMP-20DMA_%,3m_change%
66,MOREALTY,Motilal Oswal Nifty Realty ETF,110.66,110.78,108.5,109.98,0.48,0.44,86955,9569397.75,109.2024,115.79,85.3,-,-,Infinity,-0.3443276549474406,109.5,5.0177044649797065,-28.933177022274336,https://nsearchives.nseindia.com/today/MOREALTYEQN.svg,-,-,-,28-Jun-2024,-1.03,https://nsearchives.nseindia.com/30d/MOREALTY-EQ.svg,Motilal Oswal Mutual Fund - Motilal Oswal Nifty Realty ETF,,['EQ'],[],False,False,False,False,False,[],True,False,INF247L01CI4,False,"{'equityTime': '30-Jul-2024 14:59:30', 'preOpenTime': '30-Jul-2024 09:07:34', 'QuotePreOpenFlag': False}",110.36200000000001,-0.382000000000005,-0.3473358792507774,12.92740527774926
7,HDFCBSE500,HDFC S&P BSE 500 ETF,37.44,37.98,37.4,37.78,0.34,0.91,81735,3072418.65,37.4024,44.4,26,-,-,38.13528336380256,4.278222467568326,37.44,14.909909909909905,-45.30769230769231,https://nsearchives.nseindia.com/today/HDFCBSE500EQN.svg,37.14,28-Jul-2023,https://nsearchives.nseindia.com/365d/HDFCBSE500-EQ.svg,28-Jun-2024,4.23,https://nsearchives.nseindia.com/30d/HDFCBSE500-EQ.svg,HDFC Mutual Fund - HDFC S&P BSE 500 ETF,,['EQ'],[],False,False,True,False,False,[],True,False,INF179KC1EZ4,False,"{'equityTime': '30-Jul-2024 14:59:30', 'preOpenTime': '30-Jul-2024 09:07:34', 'QuotePreOpenFlag': False}",37.502500000000005,0.2774999999999963,0.7345156167284179,11.019688510138113
143,MNC,Kotak Nifty MNC ETF,31.97,31.99,31.5,31.68,-0.01,-0.03,41268,1308195.6,31.4515,32.76,21.43,-,-,Infinity,2.1605933569816127,31.69,3.2967032967032917,-47.83014465702286,https://nsearchives.nseindia.com/today/MNCEQN.svg,-,-,-,28-Jun-2024,2.72,https://nsearchives.nseindia.com/30d/MNC-EQ.svg,Kotak Mahindra Mutual Fund - Kotak Nifty MNC ETF,,['EQ'],[],False,False,True,False,False,[],True,False,INF174KA1JF2,False,"{'equityTime': '30-Jul-2024 14:59:30', 'preOpenTime': '30-Jul-2024 09:07:34', 'QuotePreOpenFlag': False}",31.2945,0.3855000000000004,1.2168560606060619,15.578256110908425
150,IDFNIFTYET,Nifty 50,270.01,272.6,267,268.55,-0.21,-0.08,3697,996674.23,268.331,293.45,176,-,-,28.229002530678507,1.9823035734629657,268.76,8.485261543704201,-52.58522727272728,https://nsearchives.nseindia.com/today/IDFNIFTYETEQN.svg,27.74,28-Jul-2023,https://nsearchives.nseindia.com/365d/IDFNIFTYET-EQ.svg,28-Jun-2024,2.97,https://nsearchives.nseindia.com/30d/IDFNIFTYET-EQ.svg,Bandhan Nifty 50 ETF,,['EQ'],[],False,False,True,False,False,[],True,False,INF194KA1U07,False,"{'equityTime': '30-Jul-2024 14:59:30', 'preOpenTime': '30-Jul-2024 09:07:34', 'QuotePreOpenFlag': False}",265.0525,3.4975000000000023,1.3023645503630616,10.065986310914383
180,LICNMID100,LIC MF Nifty Midcap 100 ETF,58.2,58.96,56.98,58,-0.26,-0.45,7215,420345.9,58.3744,59,44.1,-,-,Infinity,3.6269430051813494,58.26,1.694915254237288,-31.519274376417226,https://nsearchives.nseindia.com/today/LICNMID100EQN.svg,-,-,-,28-Jun-2024,3.94,https://nsearchives.nseindia.com/30d/LICNMID100-EQ.svg,LIC Mutual Fund - LIC MF Nifty Midcap 100 ETF,,['EQ'],[],False,False,False,False,False,[],True,False,INF767K01RN1,False,"{'equityTime': '30-Jul-2024 14:59:30', 'preOpenTime': '30-Jul-2024 09:07:34', 'QuotePreOpenFlag': False}",57.149,0.8509999999999991,1.4672413793103432,15.376964392281673
74,MIDSMALL,Mirae Asset Nifty MidSmallcap400 Momentum Quality 100 ETF,54.55,55.07,54.45,54.7,0.2,0.37,159696,8719401.6,54.414,57,45.5,-,-,Infinity,4.849530381445277,54.5,4.03508771929824,-20.219780219780226,https://nsearchives.nseindia.com/today/MIDSMALLEQN.svg,-,-,-,28-Jun-2024,4.59,https://nsearchives.nseindia.com/30d/MIDSMALL-EQ.svg,MiraeAssetMF-Mirae Asset Nifty MidSmallcap400 Momentum Quality 100 ETF,,['EQ'],[],False,False,False,False,False,[],True,False,INF769K01LJ8,False,"{'equityTime': '30-Jul-2024 14:59:30', 'preOpenTime': '30-Jul-2024 09:07:34', 'QuotePreOpenFlag': False}",53.89149999999999,0.8085000000000093,1.4780621572212236,10.08251157174483
99,LICNFNHGP,Nifty 100,277.25,278.78,275.78,278,0.75,0.27,515,142907.35,278.9156,290,200.75,-,-,32.69689737470167,4.319111411309989,277.25,4.137931034482759,-38.48069738480697,https://nsearchives.nseindia.com/today/LICNFNHGPEQN.svg,32.34,28-Jul-2023,https://nsearchives.nseindia.com/365d/LICNFNHGP-EQ.svg,28-Jun-2024,4.48,https://nsearchives.nseindia.com/30d/LICNFNHGP-EQ.svg,LIC MF - LIC MF ETF - Nifty 100,MUTUAL FUND,['EQ'],[],False,False,False,False,False,[],True,False,INF767K01PC8,False,"{'equityTime': '30-Jul-2024 14:59:30', 'preOpenTime': '30-Jul-2024 09:07:34', 'QuotePreOpenFlag': False}",273.84450000000004,4.155499999999961,1.4947841726618565,11.39605706042635
128,LICNETFSEN,SENSEX,898.83,902.15,887.83,899,0.17,0.02,131,117463.77,899.8888,903.24,674.99,-,-,24.152407783347833,3.218250915645771,898.83,0.4694211948097968,-33.18715832827153,https://nsearchives.nseindia.com/today/LICNETFSENEQN.svg,24.33,28-Jul-2023,https://nsearchives.nseindia.com/365d/LICNETFSEN-EQ.svg,28-Jun-2024,4.29,https://nsearchives.nseindia.com/30d/LICNETFSEN-EQ.svg,LIC Mutual Fund - LIC MF EXCHANGE TRADED FUND - SENSEX,,['EQ'],[],False,False,False,False,False,[],True,False,INF767K01OT5,False,"{'equityTime': '30-Jul-2024 14:59:30', 'preOpenTime': '30-Jul-2024 09:07:34', 'QuotePreOpenFlag': False}",885.243,13.756999999999948,1.5302558398220187,10.301334903808407
91,SENSEXADD,DSP S&P BSE Sensex ETF,82.39,82.4,82.17,82.33,0.25,0.30,382,31434.78,82.1401,85.7,63.03,-,-,Infinity,2.8225302859997567,82.08,3.932322053675618,-30.620339520863077,https://nsearchives.nseindia.com/today/SENSEXADDEQN.svg,-,-,-,28-Jun-2024,2.72,https://nsearchives.nseindia.com/30d/SENSEXADD-EQ.svg,DSP BSE Sensex ETF,,['EQ'],[],False,False,True,False,False,[],True,False,INF740KA1SZ6,False,"{'equityTime': '30-Jul-2024 14:59:30', 'preOpenTime': '30-Jul-2024 09:07:34', 'QuotePreOpenFlag': False}",81.05699999999999,1.2730000000000103,1.5462164460099725,10.613999731291134
90,AXSENSEX,AXIS S&P BSE SENSEX ETF,82.83,83,82.59,82.7,0.25,0.30,404,33422.92,82.5428,85,62.95,-,-,23.932264348868575,3.0658025922233403,82.45,2.705882352941173,-31.37410643367752,https://nsearchives.nseindia.com/today/AXSENSEXEQN.svg,24.49,28-Jul-2023,https://nsearchives.nseindia.com/365d/AXSENSEX-EQ.svg,28-Jun-2024,2.56,https://nsearchives.nseindia.com/30d/AXSENSEX-EQ.svg,Axis Mutual Fund - AXIS S&P BSE SENSEX ETF,,['EQ'],[],False,False,True,False,False,[],True,False,INF846K010Q0,False,"{'equityTime': '30-Jul-2024 14:59:30', 'preOpenTime': '30-Jul-2024 09:07:34', 'QuotePreOpenFlag': False}",81.41900000000001,1.2809999999999917,1.5489721886336054,10.03193187865887
118,JUNIORBEES,Nifty Next 50,775.02,793.8,766.45,790.75,0.62,0.08,111252,88077095.88,790.6472,811.9,443.55,10-MAR-14,DIVIDEND-RS.1 PER UNIT,64.65039770124515,2.9796710380663387,790.13,2.6050006158393866,-78.27753353624169,https://nsearchives.nseindia.com/today/JUNIORBEESEQN.svg,65.36,28-Jul-2023,https://nsearchives.nseindia.com/365d/JUNIORBEES-EQ.svg,28-Jun-2024,3.82,https://nsearchives.nseindia.com/30d/JUNIORBEES-EQ.svg,Nippon India ETF Nifty Next 50 Junior BeES,MUTUAL FUND,['EQ'],[],False,False,True,False,False,[],True,False,INF732E01045,False,"{'equityTime': '30-Jul-2024 14:59:30', 'preOpenTime': '30-Jul-2024 09:07:34', 'QuotePreOpenFlag': False}",778.2760000000001,12.473999999999933,1.5774897249446644,14.546666087233634
111,NIF100BEES,Nifty 100 TRI,272.01,272.98,270.88,271.71,0.53,0.20,13351,3630937.96,271.3403,284.84,196,-,-,30.366567507916702,3.2254387964440205,271.18,4.609605392501052,-38.627551020408156,https://nsearchives.nseindia.com/today/NIF100BEESEQN.svg,32.56,28-Jul-2023,https://nsearchives.nseindia.com/365d/NIF100BEES-EQ.svg,28-Jun-2024,3.42,https://nsearchives.nseindia.com/30d/NIF100BEES-EQ.svg,NIPPON INDIA ETF NIFTY 100,,['EQ'],[],False,False,True,False,False,[],True,False,INF204K014N5,False,"{'equityTime': '30-Jul-2024 14:59:30', 'preOpenTime': '30-Jul-2024 09:07:34', 'QuotePreOpenFlag': False}",267.1735,4.5364999999999895,1.6696109822972987,10.816101798605155
36,MONIFTY500,Motilal Oswal Nifty 500 ETF,23.54,23.61,23.35,23.6,0.14,0.60,352483,8300974.65,23.5359,24.5,16.3,-,-,Infinity,3.5996488147497816,23.46,3.6734693877550963,-44.785276073619634,https://nsearchives.nseindia.com/today/MONIFTY500EQN.svg,-,-,-,28-Jun-2024,3.44,https://nsearchives.nseindia.com/30d/MONIFTY500-EQ.svg,Motilal Oswal Mutual Fund - Motilal Oswal Nifty 500 ETF,,['EQ'],[],False,False,True,False,False,[],True,False,INF247L01BU1,False,"{'equityTime': '30-Jul-2024 14:59:30', 'preOpenTime': '30-Jul-2024 09:07:34', 'QuotePreOpenFlag': False}",23.205,0.3950000000000031,1.6737288135593351,11.742424242424244
61,SENSEXETF,Mirae Asset S&P BSE Sensex ETF,82.12,82.62,81.92,82.49,0.38,0.46,7824,644854.08,82.12,82.62,62.27,-,-,Infinity,2.7528649725959067,82.11,0.15734688937304486,-32.47149510197525,https://nsearchives.nseindia.com/today/SENSEXETFEQN.svg,-,-,-,28-Jun-2024,2.88,https://nsearchives.nseindia.com/30d/SENSEXETF-EQ.svg,Mirae Asset Mutual Fund - Mirae Asset S&P BSE Sensex ETF,,['EQ'],[],False,False,True,False,False,[],True,False,INF769K01KT9,False,"{'equityTime': '30-Jul-2024 14:59:30', 'preOpenTime': '30-Jul-2024 09:07:34', 'QuotePreOpenFlag': False}",81.0945,1.3954999999999984,1.6917202085101206,10.266007218286315
69,SENSEXIETF,SENSEX,919.6,921.98,909.4,919.21,3.63,0.40,1095,1004980.05,914.4032,975,720,-,-,Infinity,2.9500375194597233,915.58,5.722051282051278,-27.66805555555556,https://nsearchives.nseindia.com/today/SENSEXIETFEQN.svg,-,-,-,28-Jun-2024,2.94,https://nsearchives.nseindia.com/30d/SENSEXIETF-EQ.svg,ICICI Prudential BSE Sensex ETF,,['EQ'],[],False,False,True,False,False,[],True,False,INF346A01034,False,"{'equityTime': '30-Jul-2024 14:59:30', 'preOpenTime': '30-Jul-2024 09:07:34', 'QuotePreOpenFlag': False}",903.1815,16.028500000000008,1.7437255904526723,10.444802230018752
71,HDFCSENSEX,SENSEX,90.99,90.99,90.01,90.76,0.35,0.39,33474,3036761.28,90.2612,91.4,69.47,02-FEB-24,FACE VALUE SPLIT (SUB-DIVISION) - FROM RS 250.361/- PER SHARE TO RS 25.0361/- PER SHARE,-87.54904381704942,3.101215494717714,90.41,0.7002188183807445,-30.64632215344754,https://nsearchives.nseindia.com/today/HDFCSENSEXEQN.svg,-87.53,28-Jul-2023,https://nsearchives.nseindia.com/365d/HDFCSENSEX-EQ.svg,28-Jun-2024,3.05,https://nsearchives.nseindia.com/30d/HDFCSENSEX-EQ.svg,HDFC S&P BSE SENSEX ETF,,['EQ'],[],False,False,True,False,False,[],True,False,INF179KC1HX2,False,"{'equityTime': '30-Jul-2024 14:59:30', 'preOpenTime': '30-Jul-2024 09:07:34', 'QuotePreOpenFlag': False}",89.151,1.6090000000000089,1.772807404142804,10.11890317884009
56,HDFCNIFTY,Nifty 50,278.32,278.32,271.75,274.4,1.35,0.49,15914,4359799.44,273.4388,285.01,206.3,17-FEB-21, FACE VALUE SPLIT (SUB-DIVISION) - FROM RS 761.25/- PER UNIT TO RS 76.125/- PER UNIT,27.527071617790583,3.387212237670002,273.05,3.7226763973193973,-33.010179350460476,https://nsearchives.nseindia.com/today/HDFCNIFTYEQN.svg,27.37,28-Jul-2023,https://nsearchives.nseindia.com/365d/HDFCNIFTY-EQ.svg,28-Jun-2024,3.1,https://nsearchives.nseindia.com/30d/HDFCNIFTY-EQ.svg,HDFC NIFTY 50 ETF,,['EQ'],[],False,False,True,False,False,[],True,False,INF179KC1965,False,"{'equityTime': '30-Jul-2024 14:59:30', 'preOpenTime': '30-Jul-2024 09:07:34', 'QuotePreOpenFlag': False}",269.53249999999997,4.867500000000007,1.773870262390673,10.7434014044717
78,UTISENSETF,SENSEX,881.01,887.15,876.1,886.25,3.07,0.35,1368,1211924.88,881.3546,898,673.02,26-FEB-21, INTERIM DIVIDEND - RS 13.56 PER UNIT,22.693228856616777,2.713133373510728,883.18,1.3084632516703787,-31.682565154081605,https://nsearchives.nseindia.com/today/UTISENSETFEQN.svg,24.68,28-Jul-2023,https://nsearchives.nseindia.com/365d/UTISENSETF-EQ.svg,28-Jun-2024,3.04,https://nsearchives.nseindia.com/30d/UTISENSETF-EQ.svg,UTI BSE Sensex ETF,MUTUAL FUND,['EQ'],[],False,False,True,False,False,[],True,False,INF789FB1X58,False,"{'equityTime': '30-Jul-2024 14:59:30', 'preOpenTime': '30-Jul-2024 09:07:34', 'QuotePreOpenFlag': False}",870.3685000000002,15.881499999999846,1.7919887165020982,10.020731692177824
103,NIFTYETF,Nifty 50,264.34,265.2,263.37,264.67,0.65,0.25,10329,2730161.28,263.904,267.46,198.94,-,-,Infinity,3.3826803640482894,264.02,1.0431466387497061,-33.04011259676285,https://nsearchives.nseindia.com/today/NIFTYETFEQN.svg,-,-,-,28-Jun-2024,3.46,https://nsearchives.nseindia.com/30d/NIFTYETF-EQ.svg,Mirae Asset Mutual Fund - Mirae Asset Nifty 50 ETF,,['EQ'],[],False,False,True,False,False,[],True,False,INF769K01EG9,False,"{'equityTime': '30-Jul-2024 14:59:30', 'preOpenTime': '30-Jul-2024 09:07:34', 'QuotePreOpenFlag': False}",259.9035,4.766500000000008,1.8009219027468195,10.661872308399897
107,AXISNIFTY,Nifty 50,269.99,269.99,266.26,269.14,0.6,0.22,9387,2525478.48,268.5362,275,197.9,23-JUL-20, FACE VALUE SPLIT (SUB-DIVISION) - FROM RS 100/- PER SHARE TO RS 10/- PER SHARE,27.246938679022268,3.3484371400045965,268.54,2.1309090909090957,-35.99797877716017,https://nsearchives.nseindia.com/today/AXISNIFTYEQN.svg,27.55,28-Jul-2023,https://nsearchives.nseindia.com/365d/AXISNIFTY-EQ.svg,28-Jun-2024,3.57,https://nsearchives.nseindia.com/30d/AXISNIFTY-EQ.svg,AXIS MUTUAL FUND - Axis NIFTY 50 ETF,,['EQ'],[],False,False,True,False,False,[],True,False,INF846K01W98,False,"{'equityTime': '30-Jul-2024 14:59:30', 'preOpenTime': '30-Jul-2024 09:07:34', 'QuotePreOpenFlag': False}",264.27049999999997,4.869500000000016,1.8092814148770218,10.766318215490985
40,MOLOWVOL,Nifty Midcap 100 TRI,39.32,39.32,38.28,39.09,0.23,0.59,164052,6412792.68,38.9064,39.95,27,11-AUG-22,FACE VALUE SPLIT (SUB-DIVISION) - FROM RS 10/- PER UNIT TO RS 2/- PER UNIT,37.302423603793486,3.4400635088647906,38.86,2.1526908635794726,-44.77777777777779,https://nsearchives.nseindia.com/today/MOLOWVOLEQN.svg,37.17,28-Jul-2023,https://nsearchives.nseindia.com/365d/MOLOWVOL-EQ.svg,28-Jun-2024,3.05,https://nsearchives.nseindia.com/30d/MOLOWVOL-EQ.svg,Motilal Oswal Mutual Fund - Motilal Oswal S&P BSE Low Volatility ETF,,['EQ'],[],False,False,True,False,False,[],True,False,INF247L01BL0,False,"{'equityTime': '30-Jul-2024 14:59:30', 'preOpenTime': '30-Jul-2024 09:07:34', 'QuotePreOpenFlag': False}",38.367000000000004,0.722999999999999,1.8495778971603962,10.174746335963942
98,NEXT50IETF,Nifty Next 50,79.35,79.35,76.72,77.26,0.21,0.27,223391,17268124.3,77.1337,79.35,43.75,15-NOV-18, FACE VALUE SPLIT (SUB-DIVISION) - FROM RS 10/- PER SHARE TO RS 1/- PER SHARE,Infinity,3.3716885202033855,77.05,2.6339004410837923,-76.59428571428572,https://nsearchives.nseindia.com/today/NEXT50IETFEQN.svg,-,-,-,28-Jun-2024,3.55,https://nsearchives.nseindia.com/30d/NEXT50IETF-EQ.svg,ICICI Prudential Mutual Fund - ICICI Prudential Nifty Next 50 ETF,,['EQ'],[],False,False,True,False,False,[],True,False,INF109KC1NS5,False,"{'equityTime': '30-Jul-2024 14:59:30', 'preOpenTime': '30-Jul-2024 09:07:34', 'QuotePreOpenFlag': False}",75.8265,1.4335000000000093,1.855423246181736,14.69714964370547
67,NIFTYIETF,Nifty 50,278.5,278.5,274.41,275.69,1.14,0.42,138854,38323704,274.8695,282.9,224.95,-,-,Infinity,3.4057237162897054,274.55,2.5486037469070273,-22.556123583018454,https://nsearchives.nseindia.com/today/NIFTYIETFEQN.svg,-,-,-,28-Jun-2024,3.21,https://nsearchives.nseindia.com/30d/NIFTYIETF-EQ.svg,ICICI Prudential Nifty 50 ETF,,['EQ'],[],False,False,True,False,False,[],True,False,INF109K012R6,False,"{'equityTime': '30-Jul-2024 14:59:30', 'preOpenTime': '30-Jul-2024 09:07:34', 'QuotePreOpenFlag': False}",270.452,5.2379999999999995,1.8999601001124449,10.847975553857903
59,NIFTY50ADD,Nifty 50 Index,257,257,255.11,256.59,1.19,0.47,3625,929087.5,255.5919,263.68,192.76,-,-,Infinity,3.5137969985476762,255.4,2.688865291262148,-33.11371653870097,https://nsearchives.nseindia.com/today/NIFTY50ADDEQN.svg,-,-,-,28-Jun-2024,3.26,https://nsearchives.nseindia.com/30d/NIFTY50ADD-EQ.svg,DSP  Mutual Fund - DSP Nifty 50 ETF,,['EQ'],[],False,False,True,False,False,[],True,False,INF740KA1CL0,False,"{'equityTime': '30-Jul-2024 14:59:30', 'preOpenTime': '30-Jul-2024 09:07:34', 'QuotePreOpenFlag': False}",251.6835,4.906499999999966,1.9121945516193017,10.728002416605527
79,BSLNIFTY,Nifty 50,28.65,28.65,28.21,28.54,0.1,0.35,255523,7287515.96,28.4272,30.01,20,25-NOV-21, FACE VALUE SPLIT (SUB-DIVISION) - FROM RS 10/- PER SHARE TO RE 1/- PER SHARE,27.752909579230074,3.2935215345638804,28.44,4.898367210929697,-42.699999999999996,https://nsearchives.nseindia.com/today/BSLNIFTYEQN.svg,27.82,28-Jul-2023,https://nsearchives.nseindia.com/365d/BSLNIFTY-EQ.svg,28-Jun-2024,3.49,https://nsearchives.nseindia.com/30d/BSLNIFTY-EQ.svg,Aditya Birla Sun Life Nifty 50 ETF,MUTUAL FUND,['EQ'],[],False,False,True,False,False,[],True,False,INF209KB19D1,False,"{'equityTime': '30-Jul-2024 14:59:30', 'preOpenTime': '30-Jul-2024 09:07:34', 'QuotePreOpenFlag': False}",27.994,0.5459999999999994,1.9131044148563396,10.964230171073096
100,HDFCNIF100,HDFC NIFTY 100 ETF,26.36,27.7,26.29,26.43,0.07,0.27,145320,3853886.4,26.3415,27.7,18.91,20-OCT-23,FACE VALUE SPLIT (SUB-DIVISION) - FROM RS 177.27/- PER SHARE TO RS 17.727/- PER SHARE,-86.71592279855247,3.3229085222830395,26.36,4.584837545126352,-39.76731887890005,https://nsearchives.nseindia.com/today/HDFCNIF100EQN.svg,-86.66,28-Jul-2023,https://nsearchives.nseindia.com/365d/HDFCNIF100-EQ.svg,28-Jun-2024,3.9,https://nsearchives.nseindia.com/30d/HDFCNIF100-EQ.svg,HDFC Mutual Fund - HDFC NIFTY 100 ETF,,['EQ'],[],False,False,True,False,False,[],True,False,INF179KC1HR4,False,"{'equityTime': '30-Jul-2024 14:59:30', 'preOpenTime': '30-Jul-2024 09:07:34', 'QuotePreOpenFlag': False}",25.921999999999997,0.5080000000000027,1.9220582671207063,11.09709962168979
64,NIFTY1,Nifty 50,270.98,270.98,269,270.54,1.21,0.45,17013,4597933.38,269.1256,285,202.89,27-JUL-17, FACE VALUE SPLIT (SUB-DIVISION) - FROM RS 10/- PER SHARE TO RS 1/- PER SHARE,Infinity,3.326585952717426,269.33,5.0736842105263085,-33.34319089161617,https://nsearchives.nseindia.com/today/NIFTY1EQN.svg,-,-,-,28-Jun-2024,3.13,https://nsearchives.nseindia.com/30d/NIFTY1-EQ.svg,Kotak Nifty 50 ETF,,['EQ'],[],False,False,True,False,False,[],True,False,INF174K014P6,False,"{'equityTime': '30-Jul-2024 14:59:30', 'preOpenTime': '30-Jul-2024 09:07:34', 'QuotePreOpenFlag': False}",265.30699999999996,5.233000000000061,1.93427958897023,10.374933703235284
97,NIFTYBETF,Bajaj Finserv Nifty 50 ETF,249.9,250.97,249.54,250.65,0.68,0.27,276,69168.36,249.7634,257.14,215.04,-,-,Infinity,3.6514763046894436,249.97,2.5239169324103528,-16.55970982142858,https://nsearchives.nseindia.com/today/NIFTYBETFEQN.svg,-,-,-,28-Jun-2024,3.61,https://nsearchives.nseindia.com/30d/NIFTYBETF-EQ.svg,Bajaj Finserv Mutual Fund - Bajaj Finserv Nifty 50 ETF,,['EQ'],[],False,False,False,False,False,[],True,False,INF0QA701722,False,"{'equityTime': '30-Jul-2024 14:59:30', 'preOpenTime': '30-Jul-2024 09:07:34', 'QuotePreOpenFlag': False}",245.7855,4.8644999999999925,1.9407540394973042,10.681798110041507
101,NIFTYBEES,Nifty 50,268.4,277.96,268.4,277.43,0.75,0.27,1919882,532114495.12,276.3377,278.2,207.15,19-DEC-19, FACE VALUE SPLIT (SUB-DIVISION) - FROM RS 10/- TO RS 1/-,27.507123816527248,3.402907193440177,276.68,0.2767792954708777,-33.92710596186338,https://nsearchives.nseindia.com/today/NIFTYBEESEQN.svg,27.89,28-Jul-2023,https://nsearchives.nseindia.com/365d/NIFTYBEES-EQ.svg,28-Jun-2024,3.44,https://nsearchives.nseindia.com/30d/NIFTYBEES-EQ.svg,Nippon India ETF Nifty 50 BeES,MUTUAL FUND,['EQ'],[],False,False,True,False,False,[],True,False,INF204KB14I2,False,"{'equityTime': '30-Jul-2024 14:59:30', 'preOpenTime': '30-Jul-2024 09:07:34', 'QuotePreOpenFlag': False}",272.0365,5.393500000000017,1.9440940056951364,10.945373110453493
95,SETFNIF50,Nifty 50,262.1,263.44,260.58,262.3,0.74,0.28,1012475,265592442,261.2256,264.82,196.9,24-MAR-21, DIVIDEND - RS 1.30 PER SHARE,27.627481510315295,3.1986465751268933,261.56,0.9515897590816336,-33.21482986287456,https://nsearchives.nseindia.com/today/SETFNIF50EQN.svg,27.83,28-Jul-2023,https://nsearchives.nseindia.com/365d/SETFNIF50-EQ.svg,28-Jun-2024,3.41,https://nsearchives.nseindia.com/30d/SETFNIF50-EQ.svg,SBI-ETF Nifty 50,MUTUAL FUND,['EQ'],[],False,False,True,False,False,[],True,False,INF200KA1FS1,False,"{'equityTime': '30-Jul-2024 14:59:30', 'preOpenTime': '30-Jul-2024 09:07:34', 'QuotePreOpenFlag': False}",257.1955,5.10450000000003,1.9460541364849524,10.984175340610987
68,ESG,NIFTY100 ESG SECTOR LEADERS,41.85,42.06,41.75,41.97,0.17,0.41,28511,1194610.9,41.7731,42.06,30.94,-,-,Infinity,3.1964593066142046,41.8,0.21398002853067857,-35.64964447317388,https://nsearchives.nseindia.com/today/ESGEQN.svg,-,-,-,28-Jun-2024,3.26,https://nsearchives.nseindia.com/30d/ESG-EQ.svg,MIRAE ASSET MUTUAL FUND - Mirae Asset Nifty 100 ESG Sector Leaders ETF,,['EQ'],[],False,False,True,False,False,[],True,False,INF769K01GS9,False,"{'equityTime': '30-Jul-2024 14:59:30', 'preOpenTime': '30-Jul-2024 09:07:34', 'QuotePreOpenFlag': False}",41.132,0.838000000000001,1.9966642840123923,11.149364406779663
75,MOM50,Nifty 50,254.34,255.9,252.03,255.28,0.95,0.37,2314,589954.3,254.0136,277,190.45,16-OCT-14,FACE VALUE SPLIT FROM RS.10/- TO RS.7/-,28.449230149944647,3.696482248761067,254.33,7.84115523465704,-34.040430559201894,https://nsearchives.nseindia.com/today/MOM50EQN.svg,28.06,28-Jul-2023,https://nsearchives.nseindia.com/365d/MOM50-EQ.svg,28-Jun-2024,3.35,https://nsearchives.nseindia.com/30d/MOM50-EQ.svg,Motilal Oswal Mutual Fund - Motilal Oswal M50 ETF,,['EQ'],[],False,False,True,False,False,[],True,False,INF247L01536,False,"{'equityTime': '30-Jul-2024 14:59:30', 'preOpenTime': '30-Jul-2024 09:07:34', 'QuotePreOpenFlag': False}",250.179,5.100999999999999,1.9981980570354119,10.880423923902189
80,HDFCMOMENT,HDFC NIFTY200 Momentum 30 ETF,36.7,36.99,36.51,36.83,0.13,0.35,294761,10853100.02,36.7749,37.77,21.5,20-OCT-23,FACE VALUE SPLIT (SUB-DIVISION) - FROM RS 190.61/- PER SHARE TO RS 19.061/- PER SHARE,-83.51977805620189,3.1363763651638124,36.7,2.488747683346584,-71.30232558139534,https://nsearchives.nseindia.com/today/HDFCMOMENTEQN.svg,-83.3,28-Jul-2023,https://nsearchives.nseindia.com/365d/HDFCMOMENT-EQ.svg,28-Jun-2024,2.92,https://nsearchives.nseindia.com/30d/HDFCMOMENT-EQ.svg,HDFC Mutual Fund - HDFC NIFTY200 Momentum 30 ETF,,['EQ'],[],False,False,True,False,False,[],True,False,INF179KC1HV6,False,"{'equityTime': '30-Jul-2024 14:59:30', 'preOpenTime': '30-Jul-2024 09:07:34', 'QuotePreOpenFlag': False}",36.0935,0.7364999999999995,1.9997284822155836,12.975460122699376
81,UTINIFTETF,Nifty 50,269.26,270.81,268.13,270.27,0.92,0.34,58217,15727904.72,268.9079,280.61,202.55,25-SEP-23,FACE VALUE SPLIT (SUB-DIVISION) - FROM RS 10/- PER SHARE TO RE 1/- PER SHARE,-87.20524534286459,3.357680982064313,269.35,3.6848294786358404,-33.43372006911872,https://nsearchives.nseindia.com/today/UTINIFTETFEQN.svg,-87.21,28-Jul-2023,https://nsearchives.nseindia.com/365d/UTINIFTETF-EQ.svg,28-Jun-2024,3.48,https://nsearchives.nseindia.com/30d/UTINIFTETF-EQ.svg,UTI Nifty 50 ETF,MUTUAL FUND,['EQ'],[],False,False,True,False,False,[],True,False,INF789F1AZC0,False,"{'equityTime': '30-Jul-2024 14:59:30', 'preOpenTime': '30-Jul-2024 09:07:34', 'QuotePreOpenFlag': False}",264.849,5.420999999999992,2.005772005772003,10.984724047306164
57,UTINEXT50,Nifty Next 50,78.64,79.19,78.64,79.04,0.38,0.48,92914,7331843.74,78.7837,80.6,44.85,25-MAR-21, FACE VALUE SPLIT (SUB-DIVISION) - FROM RS 10/- PER UNIT TO Re 1/- PER UNIT,65.25193393267826,3.5639412997903737,78.66,1.9354838709677273,-76.23188405797102,https://nsearchives.nseindia.com/today/UTINEXT50EQN.svg,65.29,28-Jul-2023,https://nsearchives.nseindia.com/365d/UTINEXT50-EQ.svg,28-Jun-2024,3.65,https://nsearchives.nseindia.com/30d/UTINEXT50-EQ.svg,UTI Mutual Fund - UTI NIfty Next 50 Exchange Traded Fund - UTI NIFTY N,,['EQ'],[],False,False,True,False,False,[],True,False,INF789F1AUW9,False,"{'equityTime': '30-Jul-2024 14:59:30', 'preOpenTime': '30-Jul-2024 09:07:34', 'QuotePreOpenFlag': False}",77.434,1.6060000000000088,2.031882591093128,14.534125489059557
50,SETFNN50,Nifty Next 50,785.99,788.17,781.84,785.85,4.01,0.51,19618,15413274.06,783.0286,788.17,445.65,02-NOV-17, DIVIDEND - RS 7/- PER UNIT,65.32376825009467,3.6208283337069367,781.84,0.294352741159894,-76.33793335577249,https://nsearchives.nseindia.com/today/SETFNN50EQN.svg,65.35,28-Jul-2023,https://nsearchives.nseindia.com/365d/SETFNN50-EQ.svg,28-Jun-2024,3.51,https://nsearchives.nseindia.com/30d/SETFNN50-EQ.svg,SBI-ETF Nifty Next 50,MUTUAL FUND,['EQ'],[],False,False,True,False,False,[],True,False,INF200KA1598,False,"{'equityTime': '30-Jul-2024 14:59:30', 'preOpenTime': '30-Jul-2024 09:07:34', 'QuotePreOpenFlag': False}",769.879,15.971000000000004,2.032321689889929,15.060249784037834
84,NEXT50,Nifty Next 50,756.28,758.05,748.19,756.35,2.47,0.33,33984,25648744.32,753.9379,758.05,431,-,-,Infinity,3.3674543193341604,753.88,0.2242596134819513,-75.48723897911833,https://nsearchives.nseindia.com/today/NEXT50EQN.svg,-,-,-,28-Jun-2024,3.87,https://nsearchives.nseindia.com/30d/NEXT50-EQ.svg,Mirae Asset Mutual Fund - MIRAE ASSET NIFTY NEXT 50 ETF (MANXT50) - Mi,,['EQ'],[],False,False,True,False,False,[],True,False,INF769K01FN2,False,"{'equityTime': '30-Jul-2024 14:59:30', 'preOpenTime': '30-Jul-2024 09:07:34', 'QuotePreOpenFlag': False}",740.9005,15.449500000000057,2.0426389898856425,14.88569909622541
70,ABSLNN50ET,Nifty Next 50,77,77.63,76.54,77.28,0.31,0.40,24982,1924113.64,76.8992,80,43.9,25-NOV-21, FACE VALUE SPLIT (SUB-DIVISION) - FROM RS 10/- PER SHARE TO RE 1/- PER SHARE,65.16349647360548,3.3431398769724523,76.97,3.3999999999999986,-76.0364464692483,https://nsearchives.nseindia.com/today/ABSLNN50ETEQN.svg,65.81,28-Jul-2023,https://nsearchives.nseindia.com/365d/ABSLNN50ET-EQ.svg,28-Jun-2024,3.83,https://nsearchives.nseindia.com/30d/ABSLNN50ET-EQ.svg,Aditya Birla Sun Life Nifty Next 50 ETF,,['EQ'],[],False,False,True,False,False,[],True,False,INF209KB16D7,False,"{'equityTime': '30-Jul-2024 14:59:30', 'preOpenTime': '30-Jul-2024 09:07:34', 'QuotePreOpenFlag': False}",75.6815,1.5985000000000014,2.0684523809523827,13.847967000589284
96,BSE500IETF,S&P BSE 500 index,39.4,39.65,39.27,39.5,0.11,0.28,110290,4358660.8,39.3577,39.65,24.2,28-OCT-21, FACE VALUE SPLIT (SUB-DIVISION) - FROM RS 10/- PER SHARE TO RE 1/- PER SHARE,Infinity,3.620146904512074,39.39,0.37831021437578455,-63.22314049586777,https://nsearchives.nseindia.com/today/BSE500IETFEQN.svg,-,-,-,28-Jun-2024,3.58,https://nsearchives.nseindia.com/30d/BSE500IETF-EQ.svg,ICICI Prudential BSE 500 ETF,,['EQ'],[],False,False,True,False,False,[],True,False,INF109KC1V59,False,"{'equityTime': '30-Jul-2024 14:59:30', 'preOpenTime': '30-Jul-2024 09:07:34', 'QuotePreOpenFlag': False}",38.682,0.8179999999999978,2.0708860759493617,12.215909090909081
65,HDFCNEXT50,HDFC NIFTY NEXT 50 ETF,77.1,77.1,73.59,75.2,0.33,0.44,21747,1633852.11,74.8934,77.1,42.9,20-OCT-23,FACE VALUE SPLIT (SUB-DIVISION) - FROM RS 418.18/- PER SHARE TO RS 41.81/- PER SHARE,-83.49936367226927,3.2399780340472257,74.87,2.464332036316461,-75.2913752913753,https://nsearchives.nseindia.com/today/HDFCNEXT50EQN.svg,-83.52,28-Jul-2023,https://nsearchives.nseindia.com/365d/HDFCNEXT50-EQ.svg,28-Jun-2024,3.33,https://nsearchives.nseindia.com/30d/HDFCNEXT50-EQ.svg,HDFC Mutual Fund - HDFC NIFTY NEXT 50 ETF,,['EQ'],[],False,False,True,False,False,[],True,False,INF179KC1HS2,False,"{'equityTime': '30-Jul-2024 14:59:30', 'preOpenTime': '30-Jul-2024 09:07:34', 'QuotePreOpenFlag': False}",73.609,1.5910000000000082,2.115691489361713,16.21078658630816
92,MOM30IETF,ICICI Prudential Nifty 200 Momentum 30 ETF,37.31,37.49,37.13,37.35,0.11,0.30,1036780,38723733,37.2184,38.99,21.7,12-AUG-22,ADDITONAL ISSUANCE 9:1,Infinity,3.0629139072847664,37.24,4.206206719671712,-72.11981566820278,https://nsearchives.nseindia.com/today/MOM30IETFEQN.svg,-,-,-,28-Jun-2024,3.59,https://nsearchives.nseindia.com/30d/MOM30IETF-EQ.svg,ICICI Prudential Mutual Fund -  ICICI Pru Nifty 200 Momentum 30 ETF,,['EQ'],[],False,False,True,False,False,[],True,False,INF109KC17C7,False,"{'equityTime': '30-Jul-2024 14:59:30', 'preOpenTime': '30-Jul-2024 09:07:34', 'QuotePreOpenFlag': False}",36.557,0.7929999999999993,2.1231593038821934,12.942243725430908
19,SMALLCAP,Mirae Asset Nifty Smallcap 250 Momentum Quality 100 ETF,53.69,54.07,53.42,54,0.39,0.73,467547,25191432.36,53.561,55.25,39.24,-,-,Infinity,4.3478260869565215,53.61,2.262443438914027,-37.61467889908256,https://nsearchives.nseindia.com/today/SMALLCAPEQN.svg,-,-,-,28-Jun-2024,5.89,https://nsearchives.nseindia.com/30d/SMALLCAP-EQ.svg,Mirae Asset MF-Mirae Asset Nifty Smallcap 250 Momentum Quality 100 ETF,,['EQ'],[],False,False,False,False,False,[],True,False,INF769K01LC3,False,"{'equityTime': '30-Jul-2024 14:59:30', 'preOpenTime': '30-Jul-2024 09:07:34', 'QuotePreOpenFlag': False}",52.852,1.1480000000000032,2.125925925925932,13.851992409867172
38,QNIFTY,Nifty 50,2670.01,2690,2662.07,2690,15.93,0.60,312,837133.44,2673.2868,2700.01,2016,08-MAR-18, DIVIDEND - RS 80 PER UNIT (PURPOSE REVISED),27.81586912415244,3.558724341304919,2674.07,0.3707393676319798,-33.432539682539684,https://nsearchives.nseindia.com/today/QNIFTYEQN.svg,27.8,28-Jul-2023,https://nsearchives.nseindia.com/365d/QNIFTY-EQ.svg,28-Jun-2024,3.52,https://nsearchives.nseindia.com/30d/QNIFTY-EQ.svg,Quantum Nifty 50 ETF,MUTUAL FUND,['EQ'],[],False,False,True,False,False,[],True,False,INF082J01028,False,"{'equityTime': '30-Jul-2024 14:59:30', 'preOpenTime': '30-Jul-2024 09:07:34', 'QuotePreOpenFlag': False}",2632.309,57.6909999999998,2.144646840148692,11.02214664828679
16,NETF,Tata Nifty 50 Exchange Traded Fund,266.57,266.57,263.81,265.82,2.01,0.76,1252,331529.6,264.2718,274.99,199,-,-,27.761222724214164,3.7994455074387985,263.81,3.334666715153284,-33.577889447236174,https://nsearchives.nseindia.com/today/NETFEQN.svg,27.67,28-Jul-2023,https://nsearchives.nseindia.com/365d/NETF-EQ.svg,28-Jun-2024,3.24,https://nsearchives.nseindia.com/30d/NETF-EQ.svg,Tata Nifty 50 Exchange Traded Fund,,['EQ'],[],False,False,True,False,False,[],True,False,INF277K015R5,False,"{'equityTime': '30-Jul-2024 14:59:30', 'preOpenTime': '30-Jul-2024 09:07:34', 'QuotePreOpenFlag': False}",260.0965,5.723500000000001,2.1531487472725908,11.16594178655068
63,MIDQ50ADD,Nifty Midcap 150 Quality 50 Index,258,259.46,257.95,259.18,1.18,0.46,1473,381109.29,257.9416,263.9,179.13,-,-,Infinity,2.824724271998732,258,1.788556271314881,-44.68821526265841,https://nsearchives.nseindia.com/today/MIDQ50ADDEQN.svg,-,-,-,28-Jun-2024,3.54,https://nsearchives.nseindia.com/30d/MIDQ50ADD-EQ.svg,DSP  Mutual Fund - DSP Nifty Midcap 150 Quality 50 ETF,,['EQ'],[],False,False,True,False,False,[],True,False,INF740KA1QL0,False,"{'equityTime': '30-Jul-2024 14:59:30', 'preOpenTime': '30-Jul-2024 09:07:34', 'QuotePreOpenFlag': False}",253.56350000000003,5.616499999999974,2.1670267767574556,19.119404357018105
11,NAVINIFTY,Navi Nifty 50 ETF,250.15,252.35,249.93,252,2,0.80,227,56954.3,250.2404,280.92,189,-,-,Infinity,4.3478260869565215,250,10.294745835113206,-33.333333333333336,https://nsearchives.nseindia.com/today/NAVINIFTYEQN.svg,-,-,-,28-Jun-2024,3.13,https://nsearchives.nseindia.com/30d/NAVINIFTY-EQ.svg,Navi Mutual Fund - Navi Nifty 50 ETF,,['EQ'],[],False,False,False,False,False,[],True,False,INF959L01HI3,False,"{'equityTime': '30-Jul-2024 14:59:30', 'preOpenTime': '30-Jul-2024 09:07:34', 'QuotePreOpenFlag': False}",246.40900000000002,5.59099999999998,2.2186507936507853,11.013215859030836
25,MOMENTUM,Aditya Birla Sun Life Nifty 200 Momentum 30 ETF,36.96,37.22,36.7,37.15,0.26,0.70,292938,10853352.9,36.9827,38.14,21.05,-,-,67.04136690647482,3.5973229224762946,36.89,2.59570005243839,-76.48456057007125,https://nsearchives.nseindia.com/today/MOMENTUMEQN.svg,66.85,28-Jul-2023,https://nsearchives.nseindia.com/365d/MOMENTUM-EQ.svg,28-Jun-2024,3.28,https://nsearchives.nseindia.com/30d/MOMENTUM-EQ.svg,Aditya Birla Sun Life Mutual Fund - Aditya Birla Sun Life Nifty 200 Mo,,['EQ'],[],False,False,True,False,False,[],True,False,INF209KB14K7,False,"{'equityTime': '30-Jul-2024 14:59:30', 'preOpenTime': '30-Jul-2024 09:07:34', 'QuotePreOpenFlag': False}",36.3075,0.8425000000000011,2.2678331090175,12.917933130699089
77,MAKEINDIA,Nifty India Manufacturing Total Return Index,152.72,153.35,152.23,152.99,0.55,0.36,71950,10998996.5,152.3909,155.25,80.3,-,-,Infinity,2.753710793203051,152.44,1.455716586151363,-90.5230386052304,https://nsearchives.nseindia.com/today/MAKEINDIAEQN.svg,-,-,-,28-Jun-2024,3.14,https://nsearchives.nseindia.com/30d/MAKEINDIA-EQ.svg,Mirae Asset Mutual Fund - Mirae Asset Nifty India Manufacturing ETF,,['EQ'],[],False,False,True,False,False,[],True,False,INF769K01IB1,False,"{'equityTime': '30-Jul-2024 14:59:30', 'preOpenTime': '30-Jul-2024 09:07:34', 'QuotePreOpenFlag': False}",149.51,3.480000000000018,2.2746584744101037,16.62601006250953
132,IVZINNIFTY,Nifty 50,0,0,0,2796.44,0,0.00,0,0,2785.3436,2848,2073.6,24-DEC-12,DIVIDEND-RS.5/- PER UNIT,28.27706422018349,3.8912211613478562,2796.44,1.8103932584269644,-34.85918209876544,https://nsearchives.nseindia.com/today/IVZINNIFTYEQN.svg,-,-,-,28-Jun-2024,4.11,https://nsearchives.nseindia.com/30d/IVZINNIFTY-EQ.svg,Invesco India Nifty Exchange Traded Fund,,['EQ'],[],False,False,False,False,False,[],True,False,INF205K01DA9,False,"{'equityTime': '30-Jul-2024 14:59:30', 'preOpenTime': '30-Jul-2024 09:07:34', 'QuotePreOpenFlag': False}",2732.5875,63.852499999999964,2.283349544420762,11.440811365493062
83,MOMOMENTUM,Nifty 200 Momentum 30 Total Return Index,74.48,74.53,73.77,74.39,0.25,0.34,154949,11514260.19,74.074,76.1,42.7,11-AUG-22,FACE VALUE SPLIT (SUB-DIVISION) - FROM RS 10/- PER UNIT TO RS 2/- PER UNIT,66.53234833221401,3.118935403382312,74.14,2.247043363994736,-74.21545667447306,https://nsearchives.nseindia.com/today/MOMOMENTUMEQN.svg,67.62,28-Jul-2023,https://nsearchives.nseindia.com/365d/MOMOMENTUM-EQ.svg,28-Jun-2024,3.61,https://nsearchives.nseindia.com/30d/MOMOMENTUM-EQ.svg,Motilal Oswal Mutual Fund - Motilal Oswal Nifty 200 Momentum 30 ETF,,['EQ'],[],False,False,True,False,False,[],True,False,INF247L01BK2,False,"{'equityTime': '30-Jul-2024 14:59:30', 'preOpenTime': '30-Jul-2024 09:07:34', 'QuotePreOpenFlag': False}",72.69050000000001,1.6994999999999862,2.2845812609221485,12.968868640850427
72,ALPHA,NIFTY Alpha 50 Index,57.5,57.5,57.09,57.31,0.22,0.39,638172,36554492.16,57.1935,57.87,32,-,-,Infinity,5.562718732731633,57.09,0.9676861931916281,-79.09375,https://nsearchives.nseindia.com/today/ALPHAEQN.svg,-,-,-,28-Jun-2024,5.6,https://nsearchives.nseindia.com/30d/ALPHA-EQ.svg,Kotak Mahindra Mutual Fund - Kotak Nifty Alpha 50 ETF,,['EQ'],[],False,False,True,False,False,[],True,False,INF174KA1IA5,False,"{'equityTime': '30-Jul-2024 14:59:30', 'preOpenTime': '30-Jul-2024 09:07:34', 'QuotePreOpenFlag': False}",55.99400000000001,1.3159999999999954,2.2962833711394093,17.94607944021403
18,HDFCMID150,HDFC NIFTY Midcap 150 ETF,21.7,21.99,21.6,21.86,0.16,0.74,365879,8005432.52,21.7518,22.49,13.84,20-OCT-23,FACE VALUE SPLIT (SUB-DIVISION) - FROM RS 115.95/- PER SHARE TO RS 11.59/- PER SHARE,-84.54140442684393,3.7986704653371355,21.7,2.8012449977767853,-57.947976878612714,https://nsearchives.nseindia.com/today/HDFCMID150EQN.svg,-84.51,28-Jul-2023,https://nsearchives.nseindia.com/365d/HDFCMID150-EQ.svg,28-Jun-2024,3.73,https://nsearchives.nseindia.com/30d/HDFCMID150-EQ.svg,HDFC Mutual Fund - HDFC NIFTY Midcap 150 ETF,,['EQ'],[],False,False,True,False,False,[],True,False,INF179KC1HT0,False,"{'equityTime': '30-Jul-2024 14:59:30', 'preOpenTime': '30-Jul-2024 09:07:34', 'QuotePreOpenFlag': False}",21.3395,0.5204999999999984,2.381061299176571,15.173867228661745
48,LICNETFN50,Nifty 50,272.19,273.94,272.01,273.65,1.46,0.54,660,180160.2,272.3592,292,203.5,-,-,28.05334581188582,4.3469971401334515,272.19,6.284246575342474,-34.471744471744465,https://nsearchives.nseindia.com/today/LICNETFN50EQN.svg,28,28-Jul-2023,https://nsearchives.nseindia.com/365d/LICNETFN50-EQ.svg,28-Jun-2024,3.85,https://nsearchives.nseindia.com/30d/LICNETFN50-EQ.svg,LIC MF - LIC MF EXCHANGE TRADED FUND - NIFTY 50,,['EQ'],[],False,False,True,False,False,[],True,False,INF767K01OS7,False,"{'equityTime': '30-Jul-2024 14:59:30', 'preOpenTime': '30-Jul-2024 09:07:34', 'QuotePreOpenFlag': False}",267.0595,6.590499999999963,2.4083683537365115,11.366596125671487
4,HDFCSML250,HDFC NIFTY Smallcap 250 ETF,178.98,181,178.31,180.88,1.98,1.11,365335,65793180.15,179.0717,183,110.25,-,-,58.83386020372322,3.620531622364799,178.9,1.1584699453551937,-64.06349206349206,https://nsearchives.nseindia.com/today/HDFCSML250EQN.svg,58.66,28-Jul-2023,https://nsearchives.nseindia.com/365d/HDFCSML250-EQ.svg,28-Jun-2024,3.94,https://nsearchives.nseindia.com/30d/HDFCSML250-EQ.svg,HDFC Mutual Fund - HDFC NIFTY Smallcap 250 ETF,,['EQ'],[],False,False,True,False,False,[],True,False,INF179KC1FB2,False,"{'equityTime': '30-Jul-2024 14:59:30', 'preOpenTime': '30-Jul-2024 09:07:34', 'QuotePreOpenFlag': False}",176.512,4.367999999999995,2.4148606811145483,13.746698528486972
45,INFRAIETF,ICICI Prudential Nifty Infrastructure ETF,96.43,96.83,95.29,96.71,0.53,0.55,423589,40918697.4,96.2313,96.83,60.45,-,-,Infinity,3.5549844737123815,96.18,0.12392853454508371,-59.98345740281222,https://nsearchives.nseindia.com/today/INFRAIETFEQN.svg,-,-,-,28-Jun-2024,3.03,https://nsearchives.nseindia.com/30d/INFRAIETF-EQ.svg,ICICI Prudential Mutual Fund-ICICI Prudential Nifty Infrastructure ETF,,['EQ'],[],False,False,True,False,False,[],True,False,INF109KC16E5,False,"{'equityTime': '30-Jul-2024 14:59:30', 'preOpenTime': '30-Jul-2024 09:07:34', 'QuotePreOpenFlag': False}",94.3585,2.3514999999999873,2.4314962258297874,10.374343757133062
2,MOSMALL250,Motilal Oswal Nifty Smallcap 250 ETF,17.94,18.08,17.78,18.07,0.21,1.18,616316,11099851.16,17.8816,18.59,13,-,-,Infinity,3.7313432835820812,17.86,2.797202797202795,-39.0,https://nsearchives.nseindia.com/today/MOSMALL250EQN.svg,-,-,-,28-Jun-2024,3.9,https://nsearchives.nseindia.com/30d/MOSMALL250-EQ.svg,Motilal Oswal Mutual Fund - Motilal Oswal Nifty Smallcap 250 ETF,,['EQ'],[],False,False,False,False,False,[],True,False,INF247L01CH6,False,"{'equityTime': '30-Jul-2024 14:59:30', 'preOpenTime': '30-Jul-2024 09:07:34', 'QuotePreOpenFlag': False}",17.6235,0.44650000000000034,2.4709463198671853,13.647798742138365
157,LOWVOLIETF,Nifty 100 Low Volatility 30 Index,22.55,22.55,21.84,21.87,-0.03,-0.14,589576,12929401.68,21.8601,23.25,17.41,01-MAR-24,FACE VALUE SPLIT (SUB-DIVISION) - FROM RS 10/- PER SHARE TO RE 1/- PER SHARE,Infinity,4.9927988478156635,21.9,5.935483870967737,-25.61746122917864,https://nsearchives.nseindia.com/today/LOWVOLIETFEQN.svg,-,-,-,28-Jun-2024,5.8,https://nsearchives.nseindia.com/30d/LOWVOLIETF-EQ.svg,ICICI Prudential Nifty 100 Low Volatility 30 ETF,,['EQ'],[],False,False,True,False,False,[],True,False,INF109KC19U5,False,"{'equityTime': '30-Jul-2024 14:59:30', 'preOpenTime': '30-Jul-2024 09:07:34', 'QuotePreOpenFlag': False}",21.329500000000003,0.540499999999998,2.4714220393232647,12.731958762886611
42,MIDCAPETF,Mirae Asset Mutual Fund - Mirae Asset Nifty Midcap 150 ETF,22.55,22.55,21.67,22.01,0.13,0.59,814447,17917834,21.8916,22.55,13.9,-,-,Infinity,3.527751646284101,21.88,2.394678492239464,-58.3453237410072,https://nsearchives.nseindia.com/today/MIDCAPETFEQN.svg,-,-,-,28-Jun-2024,3.94,https://nsearchives.nseindia.com/30d/MIDCAPETF-EQ.svg,Mirae Asset Mutual Fund - Mirae Asset Nifty Midcap 150 ETF,,['EQ'],[],False,False,True,False,False,[],True,False,INF769K01IC9,False,"{'equityTime': '30-Jul-2024 14:59:30', 'preOpenTime': '30-Jul-2024 09:07:34', 'QuotePreOpenFlag': False}",21.4565,0.5535000000000032,2.514766015447538,15.295966474594035
28,MID150BEES,Nifty Midcap 150 TRI,229,229,222.35,223.8,1.45,0.65,318215,71095595.3,222.1266,229,138.1,-,-,54.61139896373058,3.591927420848,222.35,2.2707423580785977,-62.05648081100653,https://nsearchives.nseindia.com/today/MID150BEESEQN.svg,55.61,28-Jul-2023,https://nsearchives.nseindia.com/365d/MID150BEES-EQ.svg,28-Jun-2024,4.1,https://nsearchives.nseindia.com/30d/MID150BEES-EQ.svg,NIPPON INDIA ETF NIFTY MIDCAP 150,,['EQ'],[],False,False,True,False,False,[],True,False,INF204KB1V68,False,"{'equityTime': '30-Jul-2024 14:59:30', 'preOpenTime': '30-Jul-2024 09:07:34', 'QuotePreOpenFlag': False}",218.00849999999997,5.791500000000042,2.587801608579107,15.236084650635911
41,UTISXN50,BSE Sensex Next 50,90.53,91.46,89.97,91.06,0.53,0.59,2832,257343.84,90.6598,91.46,46.88,17-FEB-21, FACE VALUE SPLIT (SUB-DIVISION) - FROM RS 10/- PER UNIT TO RE 1/- PER UNIT,57.65235457063713,4.128073184676958,90.53,0.4373496610540034,-94.24061433447099,https://nsearchives.nseindia.com/today/UTISXN50EQN.svg,57.2,28-Jul-2023,https://nsearchives.nseindia.com/365d/UTISXN50-EQ.svg,28-Jun-2024,4.61,https://nsearchives.nseindia.com/30d/UTISXN50-EQ.svg,UTI BSE Sensex Next 50 ETF,,['EQ'],[],False,False,True,False,False,[],True,False,INF789F1AUU3,False,"{'equityTime': '30-Jul-2024 14:59:30', 'preOpenTime': '30-Jul-2024 09:07:34', 'QuotePreOpenFlag': False}",88.614,2.445999999999998,2.6861410059301534,14.52647465727581
87,EQUAL50ADD,NIFTY 50 Equal Weight Index,324.36,328,324.36,326.09,1.01,0.31,10481,3425819.66,325.3998,328,227.53,-,-,Infinity,4.919562419562408,325.08,0.5823170731707393,-43.317364743110794,https://nsearchives.nseindia.com/today/EQUAL50ADDEQN.svg,-,-,-,28-Jun-2024,4.57,https://nsearchives.nseindia.com/30d/EQUAL50ADD-EQ.svg,DSP  Mutual Fund - DSP Nifty 50 Equal Weight ETF,,['EQ'],[],False,False,True,False,False,[],True,False,INF740KA1QK2,False,"{'equityTime': '30-Jul-2024 14:59:30', 'preOpenTime': '30-Jul-2024 09:07:34', 'QuotePreOpenFlag': False}",317.096,8.993999999999971,2.758134257413589,11.87772326482998
3,NIFMID150,UTI Nifty Midcap 150 Exchange Traded Fund (ETF),216.47,218.95,216.45,218.95,2.49,1.15,1665,363253.05,216.9479,219,141.57,-,-,Infinity,4.014251781472678,216.46,0.022831050228315695,-54.658472840291026,https://nsearchives.nseindia.com/today/NIFMID150EQN.svg,-,-,-,28-Jun-2024,3.35,https://nsearchives.nseindia.com/30d/NIFMID150-EQ.svg,UTI Mutual Fund - UTI Nifty Midcap 150 Exchange Traded Fund (ETF),,['EQ'],[],False,False,True,False,False,[],True,False,INF789F1AYX9,False,"{'equityTime': '30-Jul-2024 14:59:30', 'preOpenTime': '30-Jul-2024 09:07:34', 'QuotePreOpenFlag': False}",212.834,6.1159999999999854,2.7933318109157277,15.932436725616844
167,CONSUMIETF,Nifty India Consumption Index,120.99,120.99,119.83,119.94,-0.35,-0.29,9899,1190255.76,120.1427,120.99,82.53,-,-,Infinity,4.760241069089005,120.29,0.8678403173815995,-45.32897128316975,https://nsearchives.nseindia.com/today/CONSUMIETFEQN.svg,-,-,-,28-Jun-2024,5.64,https://nsearchives.nseindia.com/30d/CONSUMIETF-EQ.svg,ICICI Prudential Nifty India Consumption ETF,,['EQ'],[],False,False,True,False,False,[],True,False,INF109KC1V42,False,"{'equityTime': '30-Jul-2024 14:59:30', 'preOpenTime': '30-Jul-2024 09:07:34', 'QuotePreOpenFlag': False}",116.58200000000002,3.3579999999999757,2.7997331999332795,13.044297832233745
108,LOWVOL,Mirae Asset Nifty 100 Low Volatility 30 ETF,208.75,208.75,203.5,203.85,0.43,0.21,4357,897324.15,203.2256,220,141.08,-,-,Infinity,5.3760661669682115,203.42,7.340909090909093,-44.492486532463836,https://nsearchives.nseindia.com/today/LOWVOLEQN.svg,-,-,-,28-Jun-2024,5.21,https://nsearchives.nseindia.com/30d/LOWVOL-EQ.svg,Mirae Asset Mutual Fund - Mirae Asset Nifty 100 Low Volatility 30 ETF,,['EQ'],[],False,False,True,False,False,[],True,False,INF769K01JU9,False,"{'equityTime': '30-Jul-2024 14:59:30', 'preOpenTime': '30-Jul-2024 09:07:34', 'QuotePreOpenFlag': False}",198.101,5.748999999999995,2.8202109394162354,12.880004429924133
26,LOWVOL1,Kotak Nifty 100 Low Vol 30 ETF,20.62,20.83,20.51,20.76,0.14,0.68,25498,528828.52,20.6863,21,14.86,-,-,Infinity,5.541433655312658,20.62,1.1428571428571355,-39.703903095558566,https://nsearchives.nseindia.com/today/LOWVOL1EQN.svg,-,-,-,28-Jun-2024,5.42,https://nsearchives.nseindia.com/30d/LOWVOL1-EQ.svg,Kotak Nifty 100 Low Volatility 30 ETF,,['EQ'],[],False,False,True,False,False,[],True,False,INF174KA1IY5,False,"{'equityTime': '30-Jul-2024 14:59:30', 'preOpenTime': '30-Jul-2024 09:07:34', 'QuotePreOpenFlag': False}",20.1685,0.5914999999999999,2.8492292870905582,13.25695581014732
161,CONSUMBEES,Nifty India Consumption TRI,129.57,130,129.31,129.35,-0.22,-0.17,78651,10201821.21,129.4058,130.25,89.43,-,-,40.14084507042253,4.966323135600089,129.57,0.6909788867562424,-44.63826456446381,https://nsearchives.nseindia.com/today/CONSUMBEESEQN.svg,40.56,28-Jul-2023,https://nsearchives.nseindia.com/365d/CONSUMBEES-EQ.svg,28-Jun-2024,5.5,https://nsearchives.nseindia.com/30d/CONSUMBEES-EQ.svg,Nippon India ETF Nifty India Consumption,,['EQ'],[],False,False,True,False,False,[],True,False,INF204KA1LD7,False,"{'equityTime': '30-Jul-2024 14:59:30', 'preOpenTime': '30-Jul-2024 09:07:34', 'QuotePreOpenFlag': False}",125.6445,3.7055000000000007,2.864708156165443,13.177005862280152
62,HDFCQUAL,HDFC NIFTY100 Quality 30 ETF,60.75,61.1,60.51,61,0.28,0.46,8004,485682.72,60.628,61.95,42.13,-,-,39.110604332953244,5.755894590846047,60.72,1.5334947538337413,-44.78993591265131,https://nsearchives.nseindia.com/today/HDFCQUALEQN.svg,38.06,28-Jul-2023,https://nsearchives.nseindia.com/365d/HDFCQUAL-EQ.svg,28-Jun-2024,5.97,https://nsearchives.nseindia.com/30d/HDFCQUAL-EQ.svg,HDFC Mutual Fund - HDFC NIFTY100 Quality 30 ETF,,['EQ'],[],False,False,True,False,False,[],True,False,INF179KC1DL6,False,"{'equityTime': '30-Jul-2024 14:59:30', 'preOpenTime': '30-Jul-2024 09:07:34', 'QuotePreOpenFlag': False}",59.25150000000001,1.7484999999999928,2.866393442622939,16.013693419551164
146,AXISCETF,NIFTY India Consumption Index,120.46,120.47,119.32,119.73,-0.06,-0.05,1199,143616.22,119.7091,124.7,82.52,-,-,40.1826484018265,4.842381786339756,119.79,3.9855653568564544,-45.09209888511877,https://nsearchives.nseindia.com/today/AXISCETFEQN.svg,40.71,28-Jul-2023,https://nsearchives.nseindia.com/365d/AXISCETF-EQ.svg,28-Jun-2024,5.41,https://nsearchives.nseindia.com/30d/AXISCETF-EQ.svg,AXIS MUTUAL FUND - Axis NIFTY India Consumption ETF,,['EQ'],[],False,False,True,False,False,[],True,False,INF846K016C7,False,"{'equityTime': '30-Jul-2024 14:59:30', 'preOpenTime': '30-Jul-2024 09:07:34', 'QuotePreOpenFlag': False}",116.2895,3.4405,2.8735488181742253,12.995469988674982
113,NIFTYQLITY,Aditya Birla Sun Life Nifty 200 Quality 30 ETF,22.63,22.77,22.59,22.65,0.03,0.13,29872,677496.96,22.6024,23.8,15.5,-,-,40.07421150278291,6.387975575387504,22.62,4.831932773109252,-46.129032258064505,https://nsearchives.nseindia.com/today/NIFTYQLITYEQN.svg,40.15,28-Jul-2023,https://nsearchives.nseindia.com/365d/NIFTYQLITY-EQ.svg,28-Jun-2024,7.92,https://nsearchives.nseindia.com/30d/NIFTYQLITY-EQ.svg,Aditya Birla Sun Life Mutual Fund - ABSL Nifty 200 Quality 30 ETF,,['EQ'],[],False,False,True,False,False,[],True,False,INF209KB15K4,False,"{'equityTime': '30-Jul-2024 14:59:30', 'preOpenTime': '30-Jul-2024 09:07:34', 'QuotePreOpenFlag': False}",21.990000000000002,0.6599999999999966,2.913907284768197,18.710691823899374
117,SBIETFCON,Nifty India Consumption Index,122.16,122.16,119.71,119.87,0.11,0.09,3227,387562.7,119.8355,133,81.75,-,-,41.18963486454652,5.315410296960123,119.76,9.872180451127816,-46.62996941896025,https://nsearchives.nseindia.com/today/SBIETFCONEQN.svg,40.66,28-Jul-2023,https://nsearchives.nseindia.com/365d/SBIETFCON-EQ.svg,28-Jun-2024,5.48,https://nsearchives.nseindia.com/30d/SBIETFCON-EQ.svg,SBI Mutual Fund - SBI ETF Consumption,,['EQ'],[],False,False,True,False,False,[],True,False,INF200KA1X17,False,"{'equityTime': '30-Jul-2024 14:59:30', 'preOpenTime': '30-Jul-2024 09:07:34', 'QuotePreOpenFlag': False}",116.2565,3.613500000000002,3.0145157253691512,13.15963372038138
29,MOM100,Nifty Midcap 100,63.15,63.15,62.39,62.79,0.4,0.64,248505,15588718.65,62.3666,63.6,38.95,-,-,57.0535267633817,4.3890274314214475,62.39,1.273584905660381,-61.206675224646965,https://nsearchives.nseindia.com/today/MOM100EQN.svg,57.23,28-Jul-2023,https://nsearchives.nseindia.com/365d/MOM100-EQ.svg,28-Jun-2024,4.72,https://nsearchives.nseindia.com/30d/MOM100-EQ.svg,Motilal Oswal Mutual Fund - Motilal Oswal Midcap 100 ETF,,['EQ'],[],False,False,True,False,False,[],True,False,INF247L01023,False,"{'equityTime': '30-Jul-2024 14:59:30', 'preOpenTime': '30-Jul-2024 09:07:34', 'QuotePreOpenFlag': False}",60.894000000000005,1.8959999999999937,3.019589106545618,15.592783505154637
32,ALPHAETF,Mirae Asset Nifty 200 Alpha 30 ETF,29.01,29.25,28.87,29.15,0.18,0.62,1943337,56376206.37,28.8989,29.25,16.56,-,-,Infinity,5.539464156408391,28.97,0.3418803418803467,-76.02657004830918,https://nsearchives.nseindia.com/today/ALPHAETFEQN.svg,-,-,-,28-Jun-2024,5.42,https://nsearchives.nseindia.com/30d/ALPHAETF-EQ.svg,Mirae Asset Mutual Fund - Mirae Asset Nifty 200 Alpha 30 ETF,,['EQ'],[],False,False,True,False,False,[],True,False,INF769K01KU7,False,"{'equityTime': '30-Jul-2024 14:59:30', 'preOpenTime': '30-Jul-2024 09:07:34', 'QuotePreOpenFlag': False}",28.2635,0.8864999999999981,3.041166380789016,18.30357142857142
93,HDFCLOWVOL,HDFC NIFTY100 Low Volatility 30 ETF,21.26,21.26,20.19,20.4,0.06,0.29,39221,799323.98,20.3045,21.26,13,20-OCT-23,FACE VALUE SPLIT (SUB-DIVISION) - FROM RS 126.18/- PER SHARE TO RS 12.618/- PER SHARE,-86.49006622516556,5.644743656136717,20.34,4.04515522107245,-56.92307692307691,https://nsearchives.nseindia.com/today/HDFCLOWVOLEQN.svg,-86.54,28-Jul-2023,https://nsearchives.nseindia.com/365d/HDFCLOWVOL-EQ.svg,28-Jun-2024,5.61,https://nsearchives.nseindia.com/30d/HDFCLOWVOL-EQ.svg,HDFC Mutual Fund - HDFC NIFTY100 Low Volatility 30 ETF,,['EQ'],[],False,False,True,False,False,[],True,False,INF179KC1HU8,False,"{'equityTime': '30-Jul-2024 14:59:30', 'preOpenTime': '30-Jul-2024 09:07:34', 'QuotePreOpenFlag': False}",19.779,0.6209999999999987,3.044117647058817,13.082039911308202
105,SBIETFQLTY,Nifty 200 Quality 30 Index,236.51,238.96,235.01,237.07,0.56,0.24,2389,567005.26,236.0624,239.7,155.11,-,-,40.41104003790571,6.54831460674157,236.51,1.0972048393825597,-52.83992005673392,https://nsearchives.nseindia.com/today/SBIETFQLTYEQN.svg,40.57,28-Jul-2023,https://nsearchives.nseindia.com/365d/SBIETFQLTY-EQ.svg,28-Jun-2024,7.42,https://nsearchives.nseindia.com/30d/SBIETFQLTY-EQ.svg,SBI Mutual Fund - SBI - ETF Quality - SBI-ETF Quality,,['EQ'],[],False,False,True,False,False,[],True,False,INF200KA1WX6,False,"{'equityTime': '30-Jul-2024 14:59:30', 'preOpenTime': '30-Jul-2024 09:07:34', 'QuotePreOpenFlag': False}",229.658,7.412000000000006,3.1265027207154032,19.521048651373835
23,MOQUALITY,Motilal Oswal S&P BSE Quality ETF,215.2,217,213.67,215.9,1.5,0.70,2548,550087.72,214.3717,220,130,-,-,56.89266768403458,6.354679802955667,214.4,1.863636363636361,-66.07692307692308,https://nsearchives.nseindia.com/today/MOQUALITYEQN.svg,59.2,28-Jul-2023,https://nsearchives.nseindia.com/365d/MOQUALITY-EQ.svg,28-Jun-2024,6.77,https://nsearchives.nseindia.com/30d/MOQUALITY-EQ.svg,Motilal Oswal Mutual Fund - Motilal Oswal S&P BSE Quality ETF,,['EQ'],[],False,False,True,False,False,[],True,False,INF247L01BH8,False,"{'equityTime': '30-Jul-2024 14:59:30', 'preOpenTime': '30-Jul-2024 09:07:34', 'QuotePreOpenFlag': False}",208.516,7.3840000000000146,3.420101899027334,20.037807183364833
116,TNIDETF,Nifty India Digital Index,92.44,93,92,92.38,0.08,0.09,36840,3403279.2,92.5227,93,60.51,-,-,48.71216999356085,5.964670796054127,92.3,0.6666666666666715,-52.66898033382911,https://nsearchives.nseindia.com/today/TNIDETFEQN.svg,48.94,28-Jul-2023,https://nsearchives.nseindia.com/365d/TNIDETF-EQ.svg,28-Jun-2024,7.83,https://nsearchives.nseindia.com/30d/TNIDETF-EQ.svg,Tata Mutual Fund - Tata Nifty India Digital Exchange Traded Fund,,['EQ'],[],False,False,True,False,False,[],True,False,INF277KA1364,False,"{'equityTime': '30-Jul-2024 14:59:30', 'preOpenTime': '30-Jul-2024 09:07:34', 'QuotePreOpenFlag': False}",89.205,3.174999999999997,3.436891101970121,17.040415558089432
43,MIDCAP,Nifty Midcap 50 Index,167.5,168.4,167.15,168.11,0.98,0.59,32681,5486159.47,166.8678,168.4,104.6,-,-,Infinity,4.500528376950338,167.13,0.1722090261282613,-60.717017208413026,https://nsearchives.nseindia.com/today/MIDCAPEQN.svg,-,-,-,28-Jun-2024,5.13,https://nsearchives.nseindia.com/30d/MIDCAP-EQ.svg,Kotak Nifty Midcap 50 ETF,,['EQ'],[],False,False,True,False,False,[],True,False,INF174KA1IB3,False,"{'equityTime': '30-Jul-2024 14:59:30', 'preOpenTime': '30-Jul-2024 09:07:34', 'QuotePreOpenFlag': False}",162.19,5.920000000000016,3.521503777288689,16.83230245326293
30,CONS,Kotak Nifty India Consumption ETF,118.78,119.62,118.78,119.52,0.75,0.63,845,100943.7,118.9515,123,82,-,-,Infinity,5.611027657506401,118.77,2.8292682926829302,-45.756097560975604,https://nsearchives.nseindia.com/today/CONSEQN.svg,-,-,-,28-Jun-2024,5.71,https://nsearchives.nseindia.com/30d/CONS-EQ.svg,Kotak Nifty India Consumption ETF,,['EQ'],[],False,False,False,False,False,[],True,False,INF174KA1JE5,False,"{'equityTime': '30-Jul-2024 14:59:30', 'preOpenTime': '30-Jul-2024 09:07:34', 'QuotePreOpenFlag': False}",115.25999999999999,4.260000000000005,3.5642570281124537,13.991416309012877
34,MOVALUE,Motilal Oswal S&P BSE Enhanced Value ETF,111.49,111.9,110.02,111.52,0.68,0.61,166247,18509940.98,110.7081,112.9,56.83,-,-,89.43434686597588,6.2905070529927505,110.84,1.222320637732515,-96.23438324828436,https://nsearchives.nseindia.com/today/MOVALUEEQN.svg,90.84,28-Jul-2023,https://nsearchives.nseindia.com/365d/MOVALUE-EQ.svg,28-Jun-2024,5.91,https://nsearchives.nseindia.com/30d/MOVALUE-EQ.svg,Motilal Oswal Mutual Fund - Motilal Oswal SP BSE Enhanced Value ETF,,['EQ'],[],False,False,True,False,False,[],True,False,INF247L01BE5,False,"{'equityTime': '30-Jul-2024 14:59:30', 'preOpenTime': '30-Jul-2024 09:07:34', 'QuotePreOpenFlag': False}",107.52450000000002,3.9954999999999785,3.5827654232424484,11.042517176142576
17,ICICIB22,S&P BSE BHARAT 22 index,119.37,120.93,119.03,120.26,0.89,0.75,1829691,220239905.67,119.2562,121.64,68.51,-,-,68.3370660694289,8.011496317585776,119.37,1.1344952318316306,-75.53641804116187,https://nsearchives.nseindia.com/today/ICICIB22EQN.svg,69.49,28-Jul-2023,https://nsearchives.nseindia.com/365d/ICICIB22-EQ.svg,28-Jun-2024,7.25,https://nsearchives.nseindia.com/30d/ICICIB22-EQ.svg,ICICI Prudential Mutual Fund - BHARAT 22 ETF,,['EQ'],[],False,False,True,False,False,[],True,False,INF109KB15Y7,False,"{'equityTime': '30-Jul-2024 14:59:30', 'preOpenTime': '30-Jul-2024 09:07:34', 'QuotePreOpenFlag': False}",115.8925,4.367500000000007,3.6317146183269635,12.161910091400864
85,NV20IETF,Nifty50 Value 20,16,16,15.72,15.77,0.05,0.32,694559,10953195.43,15.7027,16.3,12.32,01-MAR-24,FACE VALUE SPLIT (SUB-DIVISION) - FROM RS 10/- PER SHARE TO RE 1/- PER SHARE,Infinity,7.8659370725034226,15.72,3.2515337423312953,-28.00324675324675,https://nsearchives.nseindia.com/today/NV20IETFEQN.svg,-,-,-,28-Jun-2024,7.97,https://nsearchives.nseindia.com/30d/NV20IETF-EQ.svg,ICICI Prudential Nifty50 Value 20 ETF,,['EQ'],[],False,False,True,False,False,[],True,False,INF109KC11V0,False,"{'equityTime': '30-Jul-2024 14:59:30', 'preOpenTime': '30-Jul-2024 09:07:34', 'QuotePreOpenFlag': False}",15.197,0.5730000000000004,3.633481293595437,14.607558139534882
112,NV20BEES,Nifty50 Value20 TRI,163.5,163.5,160.95,161.88,0.32,0.20,14592,2360839.68,161.1179,166.15,110.59,-,-,42.1870882740448,7.919999999999997,161.56,2.56996689738189,-46.37851523645898,https://nsearchives.nseindia.com/today/NV20BEESEQN.svg,42.52,28-Jul-2023,https://nsearchives.nseindia.com/365d/NV20BEES-EQ.svg,28-Jun-2024,8.08,https://nsearchives.nseindia.com/30d/NV20BEES-EQ.svg,Nippon India ETF Nifty 50 Value 20,,['EQ'],[],False,False,True,False,False,[],True,False,INF204KB18I3,False,"{'equityTime': '30-Jul-2024 14:59:30', 'preOpenTime': '30-Jul-2024 09:07:34', 'QuotePreOpenFlag': False}",155.96949999999998,5.910500000000013,3.651161354089457,14.710884353741491
47,HDFCVALUE,HDFC NIFTY50 Value 20 ETF,145.64,145.75,144.55,145.66,0.79,0.55,3952,573632.8,144.7558,147,99.82,-,-,40.67993046165732,8.000296581893668,144.87,0.9115646258503425,-45.92266078942096,https://nsearchives.nseindia.com/today/HDFCVALUEEQN.svg,38.54,28-Jul-2023,https://nsearchives.nseindia.com/365d/HDFCVALUE-EQ.svg,28-Jun-2024,7.77,https://nsearchives.nseindia.com/30d/HDFCVALUE-EQ.svg,HDFC Mutual Fund - HDFC NIFTY50 Value 20 ETF,,['EQ'],[],False,False,True,False,False,[],True,False,INF179KC1DK8,False,"{'equityTime': '30-Jul-2024 14:59:30', 'preOpenTime': '30-Jul-2024 09:07:34', 'QuotePreOpenFlag': False}",140.3215,5.3385000000000105,3.665041878346843,14.756164815252493
154,NV20,Nifty50 Value 20,162.49,162.49,160.01,161.09,-0.21,-0.13,13180,2124747.8,160.4253,163.85,131.11,-,-,-95.4571347997744,-95.50580292378082,161.3,1.6844675007628873,-22.866295477080303,https://nsearchives.nseindia.com/today/NV20EQN.svg,-,-,-,28-Jun-2024,8.45,https://nsearchives.nseindia.com/30d/NV20-EQ.svg,Kotak Nifty 50 value 20 ETF,,['EQ'],[],False,False,True,False,False,[],True,False,INF174K01Z71,False,"{'equityTime': '30-Jul-2024 14:59:30', 'preOpenTime': '30-Jul-2024 09:07:34', 'QuotePreOpenFlag': False}",155.137,5.953000000000003,3.695449748587748,14.622171623737025
155,NV20,Nifty50 Value 20,162.49,162.49,160.01,161.09,-0.21,-0.13,13180,2124747.8,160.4253,163.85,131.11,-,-,Infinity,8.04882956603394,161.3,1.6844675007628873,-22.866295477080303,https://nsearchives.nseindia.com/today/NV20EQN.svg,-,-,-,28-Jun-2024,8.45,https://nsearchives.nseindia.com/30d/NV20-EQ.svg,Kotak Nifty 50 value 20 ETF,,['EQ'],[],False,False,True,False,False,[],True,False,INF174K01Z71,False,"{'equityTime': '30-Jul-2024 14:59:30', 'preOpenTime': '30-Jul-2024 09:07:34', 'QuotePreOpenFlag': False}",155.137,5.953000000000003,3.695449748587748,14.622171623737025
187,AXISHCETF,Nifty Healthcare Index,140.36,140.36,137.89,137.89,-0.95,-0.68,2625,364192.5,139.0246,140.36,85.7,-,-,42.5366962993591,8.47230962869728,138.84,1.7597606155600078,-60.898483080513394,https://nsearchives.nseindia.com/today/AXISHCETFEQN.svg,43.37,28-Jul-2023,https://nsearchives.nseindia.com/365d/AXISHCETF-EQ.svg,28-Jun-2024,9.05,https://nsearchives.nseindia.com/30d/AXISHCETF-EQ.svg,AXIS MUTUAL FUND - Axis NIFTY Healthcare ETF,,['EQ'],[],False,False,True,False,False,[],True,False,INF846K01Z12,False,"{'equityTime': '30-Jul-2024 14:59:30', 'preOpenTime': '30-Jul-2024 09:07:34', 'QuotePreOpenFlag': False}",132.28199999999998,5.608000000000004,4.067009935455801,13.265976671595197
37,AUTOIETF,Nifty Auto Index,26.9,27.2,26.66,27.01,0.16,0.60,674310,18253571.7,26.9091,27.2,15.34,01-MAR-24,FACE VALUE SPLIT (SUB-DIVISION) - FROM RS 10/- PER SHARE TO RE 1/- PER SHARE,Infinity,4.85248447204969,26.85,0.6985294117646975,-76.07561929595829,https://nsearchives.nseindia.com/today/AUTOIETFEQN.svg,-,-,-,28-Jun-2024,4.84,https://nsearchives.nseindia.com/30d/AUTOIETF-EQ.svg,ICICI Prudential Mutual Fund - ICICI Prudential  Nifty Auto ETF,,['EQ'],[],False,False,True,False,False,[],True,False,INF109KC10V2,False,"{'equityTime': '30-Jul-2024 14:59:30', 'preOpenTime': '30-Jul-2024 09:07:34', 'QuotePreOpenFlag': False}",25.9,1.110000000000003,4.1095890410959015,18.309242225142373
104,DIVOPPBEES,Nifty Dividend Opportunities 50 TRI,87.95,87.95,86.63,86.98,0.21,0.24,53065,4618777.6,86.602,87.95,53.12,-,-,55.32142857142858,8.305316897024035,86.77,1.1028993746446831,-63.74246987951808,https://nsearchives.nseindia.com/today/DIVOPPBEESEQN.svg,56.57,28-Jul-2023,https://nsearchives.nseindia.com/365d/DIVOPPBEES-EQ.svg,28-Jun-2024,8.65,https://nsearchives.nseindia.com/30d/DIVOPPBEES-EQ.svg,Nippon India ETF Nifty Dividend Opportunities 50,,['EQ'],[],False,False,True,False,False,[],True,False,INF204KA1MS3,False,"{'equityTime': '30-Jul-2024 14:59:30', 'preOpenTime': '30-Jul-2024 09:07:34', 'QuotePreOpenFlag': False}",83.389,3.591000000000008,4.128535295470233,15.98879850646754
39,AUTOBEES,Nifty Auto TRI,268.99,272,268.6,270.27,1.62,0.60,194706,52675761.24,269.0772,272,153.8,-,-,70.18449719790944,4.9306984509065455,268.65,0.6360294117647126,-75.72821846553963,https://nsearchives.nseindia.com/today/AUTOBEESEQN.svg,70.38,28-Jul-2023,https://nsearchives.nseindia.com/365d/AUTOBEES-EQ.svg,28-Jun-2024,4.7,https://nsearchives.nseindia.com/30d/AUTOBEES-EQ.svg,Nippon India Mutual Fund - Nippon India Nifty Auto ETF,,['EQ'],[],False,False,True,False,False,[],True,False,INF204KC1337,False,"{'equityTime': '30-Jul-2024 14:59:30', 'preOpenTime': '30-Jul-2024 09:07:34', 'QuotePreOpenFlag': False}",259.0105,11.259500000000003,4.166019166019167,18.64875543263532
171,HEALTHIETF,Nifty Healthcare Index,140.08,141.29,138.86,138.9,-0.53,-0.38,36141,5034079.89,139.5724,141.42,92.14,-,-,Infinity,8.693951013381328,139.43,1.7819261773440687,-50.74886042978078,https://nsearchives.nseindia.com/today/HEALTHIETFEQN.svg,-,-,-,28-Jun-2024,9.23,https://nsearchives.nseindia.com/30d/HEALTHIETF-EQ.svg,ICICI PRUDENTIAL MUTUAL FUND - ICICI Prudential Nifty Healthcare ETF,,['EQ'],[],False,False,True,False,False,[],True,False,INF109KC1Q72,False,"{'equityTime': '30-Jul-2024 14:59:30', 'preOpenTime': '30-Jul-2024 09:07:34', 'QuotePreOpenFlag': False}",132.9305,5.969500000000011,4.297696184305263,14.11436082813014
166,HEALTHADD,DSP Nifty Healthcare ETF,136.65,137.48,136.6,136.91,-0.38,-0.28,749,102695.39,137.5266,140,114.9,-,-,Infinity,8.935391470401012,137.29,2.2071428571428595,-19.15578764142732,https://nsearchives.nseindia.com/today/HEALTHADDEQN.svg,-,-,-,28-Jun-2024,9.49,https://nsearchives.nseindia.com/30d/HEALTHADD-EQ.svg,DSP Mutual Fund - DSP Nifty Healthcare ETF,,['EQ'],[],False,False,False,False,False,[],True,False,INF740KA1UF4,False,"{'equityTime': '30-Jul-2024 14:59:30', 'preOpenTime': '30-Jul-2024 09:07:34', 'QuotePreOpenFlag': False}",130.911,5.998999999999995,4.381710612811332,13.920785488434007
137,MOHEALTH,Motilal Oswal S&P BSE Healthcare ETF,40.63,41.08,39.79,40.6,0,0.00,50004,2031662.52,40.58,41.97,26.95,-,-,47.52906976744187,8.585183204065261,40.6,3.264236359304259,-50.64935064935066,https://nsearchives.nseindia.com/today/MOHEALTHEQN.svg,44.84,28-Jul-2023,https://nsearchives.nseindia.com/365d/MOHEALTH-EQ.svg,28-Jun-2024,8.61,https://nsearchives.nseindia.com/30d/MOHEALTH-EQ.svg,Motilal Oswal Mutual Fund - Motilal Oswal S&P BSE Healthcare ETF,,['EQ'],[],False,False,True,False,False,[],True,False,INF247L01BB1,False,"{'equityTime': '30-Jul-2024 14:59:30', 'preOpenTime': '30-Jul-2024 09:07:34', 'QuotePreOpenFlag': False}",38.786,1.814,4.467980295566503,14.044943820224717
170,HEALTHY,Nifty Healthcare TRI,14.17,14.2,13.9,13.96,-0.05,-0.36,555740,7763687.8,14.0153,14.47,8.27,-,-,44.066047471620244,8.892355694227774,14.01,3.524533517622666,-68.80290205562275,https://nsearchives.nseindia.com/today/HEALTHYEQN.svg,44.14,28-Jul-2023,https://nsearchives.nseindia.com/365d/HEALTHY-EQ.svg,28-Jun-2024,9.37,https://nsearchives.nseindia.com/30d/HEALTHY-EQ.svg,Aditya Birla Sun Life MF-Aditya Birla Sun Life Nifty Healthcare ETF,,['EQ'],[],False,False,True,False,False,[],True,False,INF209KB10C2,False,"{'equityTime': '30-Jul-2024 14:59:30', 'preOpenTime': '30-Jul-2024 09:07:34', 'QuotePreOpenFlag': False}",13.335500000000001,0.6244999999999994,4.473495702005726,14.052287581699352
153,SHARIABEES,Shariah,580.02,586.69,571.07,574.42,-0.65,-0.11,8254,4742005.54,574.1374,591.75,420.66,10-MAR-14,DIVIDEND-RS.2 PER UNIT,34.92589199727525,9.480064039033318,575.07,2.928601605407696,-36.552084819093785,https://nsearchives.nseindia.com/today/SHARIABEESEQN.svg,35.29,28-Jul-2023,https://nsearchives.nseindia.com/365d/SHARIABEES-EQ.svg,28-Jun-2024,10.9,https://nsearchives.nseindia.com/30d/SHARIABEES-EQ.svg,Nippon India ETF Nifty 50 Shariah BeES,MUTUAL FUND,['EQ'],[],False,False,True,False,False,[],True,False,INF732E01128,False,"{'equityTime': '30-Jul-2024 14:59:30', 'preOpenTime': '30-Jul-2024 09:07:34', 'QuotePreOpenFlag': False}",548.3375,26.082499999999982,4.540667107691234,19.248494913846788
174,PHARMABEES,Nifty Pharma TRI,22.23,22.23,21.95,22,-0.09,-0.41,4399575,97054624.5,22.0744,22.23,14.45,-,-,44.356955380577425,9.561752988047818,22.09,1.034637876743142,-52.249134948096895,https://nsearchives.nseindia.com/today/PHARMABEESEQN.svg,45.33,28-Jul-2023,https://nsearchives.nseindia.com/365d/PHARMABEES-EQ.svg,28-Jun-2024,10.01,https://nsearchives.nseindia.com/30d/PHARMABEES-EQ.svg,Nippon India Mutual Fund - Nippon India Nifty Pharma ETF,,['EQ'],[],False,False,True,False,False,[],True,False,INF204KC1089,False,"{'equityTime': '30-Jul-2024 14:59:30', 'preOpenTime': '30-Jul-2024 09:07:34', 'QuotePreOpenFlag': False}",20.988,1.0120000000000005,4.600000000000002,14.167099117799692
0,CPSEETF,CPSE ETF,102.2,105.23,102.2,104.4,1.7,1.66,8368908,875806222.2,102.8157,105.5,41.65,-,-,118.8220498847202,11.1347668724718,102.7,1.0426540284360135,-150.66026410564228,https://nsearchives.nseindia.com/today/CPSEETFEQN.svg,120.62,28-Jul-2023,https://nsearchives.nseindia.com/365d/CPSEETF-EQ.svg,28-Jun-2024,8.84,https://nsearchives.nseindia.com/30d/CPSEETF-EQ.svg,CPSE ETF,MUTUAL FUND,['EQ'],[],False,False,True,False,False,[],True,False,INF457M01133,False,"{'equityTime': '30-Jul-2024 14:59:30', 'preOpenTime': '30-Jul-2024 09:07:34', 'QuotePreOpenFlag': False}",99.444,4.956000000000003,4.7471264367816115,20.110446387482746
179,NIFITETF,UTI Nifty IT ETF,420.35,420.5,407.75,410.33,-1.78,-0.43,1216,503825.28,412.1358,432,321.68,-,-,Infinity,10.968980717743463,412.11,5.016203703703708,-27.55844317333996,https://nsearchives.nseindia.com/today/NIFITETFEQN.svg,-,-,-,28-Jun-2024,13.39,https://nsearchives.nseindia.com/30d/NIFITETF-EQ.svg,UTI Mutual Fund - UTI Nifty IT ETF,,['EQ'],[],False,False,False,False,False,[],True,False,INF789F1AZD8,False,"{'equityTime': '30-Jul-2024 14:59:30', 'preOpenTime': '30-Jul-2024 09:07:34', 'QuotePreOpenFlag': False}",390.23400000000004,20.095999999999947,4.897521507079654,23.30738948823512
125,ITETF,Mirae Asset Nifty IT ETF,41.62,41.62,41.26,41.49,0.01,0.02,39332,1627164.84,41.517,45.5,30.4,-,-,Infinity,10.728582866293044,41.48,8.813186813186809,-36.480263157894754,https://nsearchives.nseindia.com/today/ITETFEQN.svg,-,-,-,28-Jun-2024,13.02,https://nsearchives.nseindia.com/30d/ITETF-EQ.svg,Mirae Asset Mutual Fund - Mirae Asset Nifty IT ETF,,['EQ'],[],False,False,True,False,False,[],True,False,INF769K01KV5,False,"{'equityTime': '30-Jul-2024 14:59:30', 'preOpenTime': '30-Jul-2024 09:07:34', 'QuotePreOpenFlag': False}",39.4145,2.0755000000000052,5.002410219329971,23.408685306365275
163,SBIETFIT,Nifty IT Index,439.21,439.6,433,435.43,-0.82,-0.19,5815,2532955.85,435.7264,441.3,309.36,-,-,38.38550770697602,10.869786627285226,436.25,1.3301608882846145,-40.751874838376,https://nsearchives.nseindia.com/today/SBIETFITEQN.svg,40.78,28-Jul-2023,https://nsearchives.nseindia.com/365d/SBIETFIT-EQ.svg,28-Jun-2024,13.35,https://nsearchives.nseindia.com/30d/SBIETFIT-EQ.svg,SBI Mutual Fund-SBI ETF IT,,['EQ'],[],False,False,True,False,False,[],True,False,INF200KA1S14,False,"{'equityTime': '30-Jul-2024 14:59:30', 'preOpenTime': '30-Jul-2024 09:07:34', 'QuotePreOpenFlag': False}",413.488,21.942000000000007,5.039156695680134,23.73334091102838
159,IT,NIFTY IT Index,43.42,43.86,43.08,43.35,-0.07,-0.16,45598,1974849.38,43.3925,44.31,30.4,-,-,Infinity,10.926305015353131,43.42,2.1665538253215995,-42.59868421052632,https://nsearchives.nseindia.com/today/ITEQN.svg,-,-,-,28-Jun-2024,13.46,https://nsearchives.nseindia.com/30d/IT-EQ.svg,Kotak Nifty IT ETF,,['EQ'],[],False,False,True,False,False,[],True,False,INF174KA1GC5,False,"{'equityTime': '30-Jul-2024 14:59:30', 'preOpenTime': '30-Jul-2024 09:07:34', 'QuotePreOpenFlag': False}",41.1635,2.1865000000000023,5.043829296424458,23.08347529812607
156,ITIETF,Nifty IT Index,43.68,43.93,43.26,43.6,-0.06,-0.14,622131,27062698.5,43.5874,46.97,28.2,01-SEP-22,FACE VALUE SPLIT (SUB-DIVISION) - FROM RS 10/- PER UNIT TO RE 1/- PER UNIT,Infinity,10.96971239501146,43.66,7.174792420694056,-54.6099290780142,https://nsearchives.nseindia.com/today/ITIETFEQN.svg,-,-,-,28-Jun-2024,13.05,https://nsearchives.nseindia.com/30d/ITIETF-EQ.svg,ICICI PRUDENTIAL MUTUAL FUND - ICICI Prudential Nifty IT ETF,,['EQ'],[],False,False,True,False,False,[],True,False,INF109KC16I6,False,"{'equityTime': '30-Jul-2024 14:59:30', 'preOpenTime': '30-Jul-2024 09:07:34', 'QuotePreOpenFlag': False}",41.37349999999999,2.2265000000000086,5.106651376146808,24.039829302987208
133,ITETFADD,DSP Nifty IT ETF,42.12,42.12,41.24,41.53,0,0.00,7778,322164.76,41.5298,42.54,29,-,-,Infinity,11.042780748663109,41.53,2.3742360131640763,-43.206896551724135,https://nsearchives.nseindia.com/today/ITETFADDEQN.svg,-,-,-,28-Jun-2024,13.25,https://nsearchives.nseindia.com/30d/ITETFADD-EQ.svg,DSP Mutual Fund - DSP Nifty IT ETF,,['EQ'],[],False,False,True,False,False,[],True,False,INF740KA1SX1,False,"{'equityTime': '30-Jul-2024 14:59:30', 'preOpenTime': '30-Jul-2024 09:07:34', 'QuotePreOpenFlag': False}",39.3985,2.1315000000000026,5.1324343847820915,23.711647304140605
209,HDFCGROWTH,HDFC NIFTY Growth Sectors 15 ETF,129.05,129.4,126.15,126.68,-1.72,-1.34,47695,6044387.35,126.174,147,95.3,-,-,29.941532464868207,10.811756473058095,128.4,13.823129251700676,-32.92759706190977,https://nsearchives.nseindia.com/today/HDFCGROWTHEQN.svg,32.38,28-Jul-2023,https://nsearchives.nseindia.com/365d/HDFCGROWTH-EQ.svg,28-Jun-2024,13.11,https://nsearchives.nseindia.com/30d/HDFCGROWTH-EQ.svg,HDFC Mutual Fund - HDFC NIFTY Growth Sectors 15 ETF,,['EQ'],[],False,False,True,False,False,[],True,False,INF179KC1DJ0,False,"{'equityTime': '30-Jul-2024 14:59:30', 'preOpenTime': '30-Jul-2024 09:07:34', 'QuotePreOpenFlag': False}",120.14000000000001,6.539999999999992,5.162614461635611,15.61558820845123
152,ITBEES,Nifty IT TRI,44.25,44.25,43.4,43.67,-0.04,-0.09,4072911,177416003.16,43.6438,44.25,31.05,-,-,38.76707975850017,11.091325362503177,43.71,1.3107344632768323,-40.644122383252814,https://nsearchives.nseindia.com/today/ITBEESEQN.svg,40.77,28-Jul-2023,https://nsearchives.nseindia.com/365d/ITBEES-EQ.svg,28-Jun-2024,13.24,https://nsearchives.nseindia.com/30d/ITBEES-EQ.svg,Nippon India Mutual Fund - Nippon India ETF Nifty IT,,['EQ'],[],False,False,True,False,False,[],True,False,INF204KB15V2,False,"{'equityTime': '30-Jul-2024 14:59:30', 'preOpenTime': '30-Jul-2024 09:07:34', 'QuotePreOpenFlag': False}",41.399,2.271000000000001,5.200366384245479,23.88652482269504
123,TECH,Nifty IT TRI Index,42.65,42.74,42.18,42.66,0.02,0.05,14029,595951.92,42.6184,44,26.63,-,-,38.371715861174174,11.325678496868466,42.64,3.0454545454545534,-60.19526849417949,https://nsearchives.nseindia.com/today/TECHEQN.svg,38.08,28-Jul-2023,https://nsearchives.nseindia.com/365d/TECH-EQ.svg,28-Jun-2024,13.43,https://nsearchives.nseindia.com/30d/TECH-EQ.svg,Aditya Birla Sun Life Mutual Fund - Aditya Birla Sun Life Nifty IT ETF,,['EQ'],[],False,False,True,False,False,[],True,False,INF209KB11D8,False,"{'equityTime': '30-Jul-2024 14:59:30', 'preOpenTime': '30-Jul-2024 09:07:34', 'QuotePreOpenFlag': False}",40.4265,2.2334999999999994,5.235583684950773,23.330442324371184
139,HDFCNIFIT,HDFC NIFTY IT ETF,41.34,41.98,41.33,41.98,0,0.00,21226,887671.32,41.9287,44.42,29.94,02-FEB-24,FACE VALUE SPLIT (SUB-DIVISION) - FROM RS 299.92/- PER SHARE TO RS 29.992/- PER SHARE,-86.14018290468486,10.940803382663828,41.98,5.493021161638912,-40.213760855043404,https://nsearchives.nseindia.com/today/HDFCNIFITEQN.svg,-85.95,28-Jul-2023,https://nsearchives.nseindia.com/365d/HDFCNIFIT-EQ.svg,28-Jun-2024,13.31,https://nsearchives.nseindia.com/30d/HDFCNIFIT-EQ.svg,HDFC Mutual Fund - HDFC NIFTY IT ETF,,['EQ'],[],False,False,True,False,False,[],True,False,INF179KC1IA8,False,"{'equityTime': '30-Jul-2024 14:59:30', 'preOpenTime': '30-Jul-2024 09:07:34', 'QuotePreOpenFlag': False}",39.777,2.202999999999996,5.247737017627433,24.0910434525569
89,AXISTECETF,NIFTY IT Index,433.45,434.38,429.56,434.1,1.32,0.31,13876,6011777,432.9608,438.2,306.99,-,-,38.97870978069473,11.170866625691456,432.78,0.9356458238247298,-41.40525750024431,https://nsearchives.nseindia.com/today/AXISTECETFEQN.svg,40.24,28-Jul-2023,https://nsearchives.nseindia.com/365d/AXISTECETF-EQ.svg,28-Jun-2024,13.27,https://nsearchives.nseindia.com/30d/AXISTECETF-EQ.svg,AXIS MUTUAL FUND - AXIS NIFTY IT ETF,,['EQ'],[],False,False,True,False,False,[],True,False,INF846K01Y96,False,"{'equityTime': '30-Jul-2024 14:59:30', 'preOpenTime': '30-Jul-2024 09:07:34', 'QuotePreOpenFlag': False}",410.18199999999996,23.918000000000063,5.5097903708823,23.964818093551894
