,symbol,assets,open,high,low,ltP,chn,per,qty,trdVal,nav,wkhi,wklo,xDt,cAct,yPC,mPC,prevClose,nearWKH,nearWKL,chartTodayPath,perChange365d,date365dAgo,chart365dPath,date30dAgo,perChange30d,chart30dPath,companyName,activeSeries,debtSeries,isFNOSec,isCASec,isSLBSec,isDebtSec,isSuspended,tempSuspendedSeries,isETFSec,isDelisted,isin,isMunicipalBond,quotepreopenstatus,industry,20DMA,CMP-20DMA,CMP-20DMA_%,3m_change%
61,HNGSNGBEES,Hang Seng Index,294.98,296,292.76,293.99,1.44,0.49,69711,20502702.21,265.0786,338.07,205,19-DEC-19, FACE VALUE SPLIT (SUB-DIVISION) - FROM RS 10/- TO RS 1/-,4.981431224110837,-3.9624983666535982,292.55,13.038719791759098,-43.40975609756097,https://nsearchives.nseindia.com/today/HNGSNGBEESEQN.svg,4.44,21-Jul-2023,https://nsearchives.nseindia.com/365d/HNGSNGBEES-EQ.svg,21-Jun-2024,-5.13,https://nsearchives.nseindia.com/30d/HNGSNGBEES-EQ.svg,NIPPON INDIA ETF HANG SENG BEES,['EQ'],[],False,False,True,False,False,[],True,False,INF204KB19I1,False,"{'equityTime': '22-Jul-2024 13:58:28', 'preOpenTime': '22-Jul-2024 09:07:28', 'QuotePreOpenFlag': False}",MUTUAL FUND,301.809,-7.819000000000017,-2.6596142725943115,15.177277179236045
182,MOREALTY,Motilal Oswal Nifty Realty ETF,110.85,110.85,107.86,109.13,-0.64,-0.58,76010,8278249.1,109.5222,115.79,85.3,-,-,Infinity,-2.658103648202662,109.77,5.751792037308931,-27.936694021101992,https://nsearchives.nseindia.com/today/MOREALTYEQN.svg,-,-,-,21-Jun-2024,-3.21,https://nsearchives.nseindia.com/30d/MOREALTY-EQ.svg,Motilal Oswal Mutual Fund - Motilal Oswal Nifty Realty ETF,['EQ'],[],False,False,False,False,False,[],True,False,INF247L01CI4,False,"{'equityTime': '22-Jul-2024 13:58:28', 'preOpenTime': '22-Jul-2024 09:07:28', 'QuotePreOpenFlag': False}",,111.436,-2.3060000000000116,-2.1130761477137465,16.666666666666654
168,MON100,Nasdaq100,166.08,166.08,160.62,161.47,-0.49,-0.30,602614,97201638.2,159.4655,175,112.85,17-JUN-21, FACE VALUE SPLIT (SUB-DIVISION) - FROM RS 10/- PER SHARE TO RE 1/- PER SHARE,29.093380236648546,-0.5359122828631295,161.96,7.731428571428571,-43.0837394771821,https://nsearchives.nseindia.com/today/MON100EQN.svg,31.33,21-Jul-2023,https://nsearchives.nseindia.com/365d/MON100-EQ.svg,21-Jun-2024,0.19,https://nsearchives.nseindia.com/30d/MON100-EQ.svg,Motilal Oswal Mutual Fund - Motilal Oswal NASDAQ 100 ETF,['EQ'],[],False,False,True,False,False,[],True,False,INF247L01AP3,False,"{'equityTime': '22-Jul-2024 13:58:28', 'preOpenTime': '22-Jul-2024 09:07:28', 'QuotePreOpenFlag': False}",,164.8375,-3.367500000000007,-2.0855267232303256,13.984187491176057
12,HDFCMOMENT,HDFC NIFTY200 Momentum 30 ETF,34.99,35.54,34.33,35.45,0.44,1.26,411243,14438741.73,34.8487,37.77,21.45,20-OCT-23,FACE VALUE SPLIT (SUB-DIVISION) - FROM RS 190.61/- PER SHARE TO RS 19.061/- PER SHARE,-83.77351581452831,-1.4456491520711594,35.01,6.142441090812815,-65.26806526806529,https://nsearchives.nseindia.com/today/HDFCMOMENTEQN.svg,-84.01,21-Jul-2023,https://nsearchives.nseindia.com/365d/HDFCMOMENT-EQ.svg,21-Jun-2024,-2.12,https://nsearchives.nseindia.com/30d/HDFCMOMENT-EQ.svg,HDFC Mutual Fund - HDFC NIFTY200 Momentum 30 ETF,['EQ'],[],False,False,True,False,False,[],True,False,INF179KC1HV6,False,"{'equityTime': '22-Jul-2024 13:58:28', 'preOpenTime': '22-Jul-2024 09:07:28', 'QuotePreOpenFlag': False}",,36.078500000000005,-0.6285000000000025,-1.772919605077581,13.512648094780666
32,MOM30IETF,ICICI Prudential Nifty 200 Momentum 30 ETF,36.65,36.65,34.73,35.94,0.37,1.04,960273,34195321.53,35.2688,38.99,21.7,12-AUG-22,ADDITONAL ISSUANCE 9:1,Infinity,-1.0734929810074334,35.57,7.822518594511425,-65.6221198156682,https://nsearchives.nseindia.com/today/MOM30IETFEQN.svg,-,-,-,21-Jun-2024,-1.39,https://nsearchives.nseindia.com/30d/MOM30IETF-EQ.svg,ICICI Prudential Mutual Fund -  ICICI Pru Nifty 200 Momentum 30 ETF,['EQ'],[],False,False,True,False,False,[],True,False,INF109KC17C7,False,"{'equityTime': '22-Jul-2024 13:58:28', 'preOpenTime': '22-Jul-2024 09:07:28', 'QuotePreOpenFlag': False}",,36.525999999999996,-0.5859999999999985,-1.630495269894264,13.770180436847095
49,MOMENTUM,Aditya Birla Sun Life Nifty 200 Momentum 30 ETF,35.44,35.78,34.75,35.71,0.25,0.71,132921,4709391.03,35.0484,38.14,21.05,-,-,64.10845588235294,-1.2990602542841319,35.46,6.371263765076034,-69.6437054631829,https://nsearchives.nseindia.com/today/MOMENTUMEQN.svg,63.71,21-Jul-2023,https://nsearchives.nseindia.com/365d/MOMENTUM-EQ.svg,21-Jun-2024,-0.98,https://nsearchives.nseindia.com/30d/MOMENTUM-EQ.svg,Aditya Birla Sun Life Mutual Fund - Aditya Birla Sun Life Nifty 200 Mo,['EQ'],[],False,False,True,False,False,[],True,False,INF209KB14K7,False,"{'equityTime': '22-Jul-2024 13:58:28', 'preOpenTime': '22-Jul-2024 09:07:28', 'QuotePreOpenFlag': False}",,36.2875,-0.5775000000000006,-1.6171940632875959,13.473149030823011
5,MOMOMENTUM,Nifty 200 Momentum 30 Total Return Index,70.76,71.64,69.8,71.5,1,1.42,141593,10017704.75,70.1956,76.1,42.7,11-AUG-22,FACE VALUE SPLIT (SUB-DIVISION) - FROM RS 10/- PER UNIT TO RS 2/- PER UNIT,63.130276066621036,-1.0517575422086978,70.5,6.0446780551905315,-67.44730679156908,https://nsearchives.nseindia.com/today/MOMOMENTUMEQN.svg,62.26,21-Jul-2023,https://nsearchives.nseindia.com/365d/MOMOMENTUM-EQ.svg,21-Jun-2024,-1.97,https://nsearchives.nseindia.com/30d/MOMOMENTUM-EQ.svg,Motilal Oswal Mutual Fund - Motilal Oswal Nifty 200 Momentum 30 ETF,['EQ'],[],False,False,True,False,False,[],True,False,INF247L01BK2,False,"{'equityTime': '22-Jul-2024 13:58:28', 'preOpenTime': '22-Jul-2024 09:07:28', 'QuotePreOpenFlag': False}",,72.61,-1.1099999999999994,-1.5524475524475516,13.762927605409702
39,MAKEINDIA,Nifty India Manufacturing Total Return Index,148.4,148.4,144.01,147.2,1.27,0.87,144990,21226536,145.6891,155.25,80.3,-,-,Infinity,0.1701258931609391,145.93,5.185185185185192,-83.31257783312577,https://nsearchives.nseindia.com/today/MAKEINDIAEQN.svg,-,-,-,21-Jun-2024,-0.63,https://nsearchives.nseindia.com/30d/MAKEINDIA-EQ.svg,Mirae Asset Mutual Fund - Mirae Asset Nifty India Manufacturing ETF,['EQ'],[],False,False,True,False,False,[],True,False,INF769K01IB1,False,"{'equityTime': '22-Jul-2024 13:58:28', 'preOpenTime': '22-Jul-2024 09:07:28', 'QuotePreOpenFlag': False}",,149.123,-1.9230000000000018,-1.3063858695652188,15.423821845840186
17,ALPHAETF,Mirae Asset Nifty 200 Alpha 30 ETF,27.99,28.32,27.1,27.8,0.33,1.20,776116,21544980.16,27.3003,29.24,16.56,-,-,Infinity,0.7611453425154072,27.47,4.924760601915177,-67.87439613526571,https://nsearchives.nseindia.com/today/ALPHAETFEQN.svg,-,-,-,21-Jun-2024,0.22,https://nsearchives.nseindia.com/30d/ALPHAETF-EQ.svg,Mirae Asset Mutual Fund - Mirae Asset Nifty 200 Alpha 30 ETF,['EQ'],[],False,False,True,False,False,[],True,False,INF769K01KU7,False,"{'equityTime': '22-Jul-2024 13:58:28', 'preOpenTime': '22-Jul-2024 09:07:28', 'QuotePreOpenFlag': False}",,28.0865,-0.2865000000000002,-1.030575539568346,17.64705882352942
48,MAHKTECH,Hang Seng TECH Total Return Index,13.79,13.85,13.61,13.78,0.1,0.73,350830,4795846.1,12.6531,16.38,11.65,-,-,-4.105775922059846,-2.957746478873239,13.68,15.87301587301587,-18.283261802575097,https://nsearchives.nseindia.com/today/MAHKTECHEQN.svg,-5.2,21-Jul-2023,https://nsearchives.nseindia.com/365d/MAHKTECH-EQ.svg,21-Jun-2024,-2.7,https://nsearchives.nseindia.com/30d/MAHKTECH-EQ.svg,Mirae Asset Mutual Fund - Mirae Asset Hang Seng TECH ETF,['EQ'],[],False,False,True,False,False,[],True,False,INF769K01HS7,False,"{'equityTime': '22-Jul-2024 13:58:28', 'preOpenTime': '22-Jul-2024 09:07:28', 'QuotePreOpenFlag': False}",,13.920499999999999,-0.1404999999999994,-1.0195936139332322,10.950080515297902
68,HDFCSML250,HDFC NIFTY Smallcap 250 ETF,172.2,176.6,170.1,173.68,0.7,0.40,583798,101154679.46,172.2784,183,108.4,-,-,56.46846846846848,2.098642055140787,172.98,5.092896174863384,-60.221402214022135,https://nsearchives.nseindia.com/today/HDFCSML250EQN.svg,55.56,21-Jul-2023,https://nsearchives.nseindia.com/365d/HDFCSML250-EQ.svg,21-Jun-2024,0.99,https://nsearchives.nseindia.com/30d/HDFCSML250-EQ.svg,HDFC Mutual Fund - HDFC NIFTY Smallcap 250 ETF,['EQ'],[],False,False,True,False,False,[],True,False,INF179KC1FB2,False,"{'equityTime': '22-Jul-2024 13:58:28', 'preOpenTime': '22-Jul-2024 09:07:28', 'QuotePreOpenFlag': False}",,175.10449999999997,-1.4244999999999663,-0.8201865499769497,12.370600414078678
137,MOSMALL250,Motilal Oswal Nifty Smallcap 250 ETF,17.9,17.9,17.03,17.36,-0.01,-0.06,284186,4913575.94,17.2027,18.59,13,-,-,Infinity,1.9976498237367795,17.37,6.616460462614311,-33.53846153846153,https://nsearchives.nseindia.com/today/MOSMALL250EQN.svg,-,-,-,21-Jun-2024,1.52,https://nsearchives.nseindia.com/30d/MOSMALL250-EQ.svg,Motilal Oswal Mutual Fund - Motilal Oswal Nifty Smallcap 250 ETF,['EQ'],[],False,False,False,False,False,[],True,False,INF247L01CH6,False,"{'equityTime': '22-Jul-2024 13:58:28', 'preOpenTime': '22-Jul-2024 09:07:28', 'QuotePreOpenFlag': False}",,17.4995,-0.13950000000000173,-0.8035714285714386,13.168187744458928
36,NEXT50IETF,Nifty Next 50,72,76.45,72,74.95,0.72,0.97,295969,22076327.71,74.0632,79.15,43.75,15-NOV-18, FACE VALUE SPLIT (SUB-DIVISION) - FROM RS 10/- PER SHARE TO RS 1/- PER SHARE,Infinity,0.8341181218888801,74.23,5.306380290587495,-71.31428571428573,https://nsearchives.nseindia.com/today/NEXT50IETFEQN.svg,-,-,-,21-Jun-2024,0.37,https://nsearchives.nseindia.com/30d/NEXT50IETF-EQ.svg,ICICI Prudential Mutual Fund - ICICI Prudential Nifty Next 50 ETF,['EQ'],[],False,False,True,False,False,[],True,False,INF109KC1NS5,False,"{'equityTime': '22-Jul-2024 13:58:28', 'preOpenTime': '22-Jul-2024 09:07:28', 'QuotePreOpenFlag': False}",,75.44449999999999,-0.49449999999998795,-0.6597731821213982,15.467570482206142
91,MIDQ50ADD,Nifty Midcap 150 Quality 50 Index,257.9,257.9,247,250.8,0.43,0.17,7503,1882877.85,249.0997,262,177.55,-,-,Infinity,1.145346023552187,250.37,4.274809160305339,-41.25598422979442,https://nsearchives.nseindia.com/today/MIDQ50ADDEQN.svg,-,-,-,21-Jun-2024,0.89,https://nsearchives.nseindia.com/30d/MIDQ50ADD-EQ.svg,DSP  Mutual Fund - DSP Nifty Midcap 150 Quality 50 ETF,['EQ'],[],False,False,True,False,False,[],True,False,INF740KA1QL0,False,"{'equityTime': '22-Jul-2024 13:58:28', 'preOpenTime': '22-Jul-2024 09:07:28', 'QuotePreOpenFlag': False}",,252.23600000000002,-1.436000000000007,-0.5725677830941017,19.19585571027994
21,JUNIORBEES,Nifty Next 50,779.98,779.98,751.1,770.18,8.77,1.15,190732,145852760.4,759.2015,811.9,443.55,10-MAR-14,DIVIDEND-RS.1 PER UNIT,63.82625712584019,1.0602283164938888,761.41,5.138563862544652,-73.63995040018034,https://nsearchives.nseindia.com/today/JUNIORBEESEQN.svg,62.86,21-Jul-2023,https://nsearchives.nseindia.com/365d/JUNIORBEES-EQ.svg,21-Jun-2024,0.51,https://nsearchives.nseindia.com/30d/JUNIORBEES-EQ.svg,Nippon India ETF Nifty Next 50 Junior BeES,['EQ'],[],False,False,True,False,False,[],True,False,INF732E01045,False,"{'equityTime': '22-Jul-2024 13:58:28', 'preOpenTime': '22-Jul-2024 09:07:28', 'QuotePreOpenFlag': False}",MUTUAL FUND,774.109,-3.9290000000000873,-0.5101404866394982,15.40178905887112
22,HDFCNEXT50,HDFC NIFTY NEXT 50 ETF,72.33,73.95,71.5,72.94,0.82,1.14,110821,8063335.96,71.9147,76.9,42.9,20-OCT-23,FACE VALUE SPLIT (SUB-DIVISION) - FROM RS 418.18/- PER SHARE TO RS 41.81/- PER SHARE,-83.59165860571841,1.1931187569367363,72.12,5.149544863459048,-70.02331002331003,https://nsearchives.nseindia.com/today/HDFCNEXT50EQN.svg,-83.76,21-Jul-2023,https://nsearchives.nseindia.com/365d/HDFCNEXT50-EQ.svg,21-Jun-2024,0.54,https://nsearchives.nseindia.com/30d/HDFCNEXT50-EQ.svg,HDFC Mutual Fund - HDFC NIFTY NEXT 50 ETF,['EQ'],[],False,False,True,False,False,[],True,False,INF179KC1HS2,False,"{'equityTime': '22-Jul-2024 13:58:28', 'preOpenTime': '22-Jul-2024 09:07:28', 'QuotePreOpenFlag': False}",,73.3015,-0.3615000000000066,-0.49561283246504884,15.649278579356265
14,SETFNN50,Nifty Next 50,753.99,762.93,744.66,762.55,9.38,1.25,32546,24647085.8,751.8734,788,445.65,02-NOV-17, DIVIDEND - RS 7/- PER UNIT,63.746268977216594,1.0521991492293954,753.17,3.229695431472087,-71.10961516885448,https://nsearchives.nseindia.com/today/SETFNN50EQN.svg,62.27,21-Jul-2023,https://nsearchives.nseindia.com/365d/SETFNN50-EQ.svg,21-Jun-2024,0.49,https://nsearchives.nseindia.com/30d/SETFNN50-EQ.svg,SBI-ETF Nifty Next 50,['EQ'],[],False,False,True,False,False,[],True,False,INF200KA1598,False,"{'equityTime': '22-Jul-2024 13:58:28', 'preOpenTime': '22-Jul-2024 09:07:28', 'QuotePreOpenFlag': False}",MUTUAL FUND,765.9715,-3.4215000000000373,-0.44869188905646024,16.24237804878048
33,UTINEXT50,Nifty Next 50,78.25,78.25,75.15,76.75,0.76,1.00,60215,4592598.05,75.6494,80.6,44.85,25-MAR-21, FACE VALUE SPLIT (SUB-DIVISION) - FROM RS 10/- PER UNIT TO Re 1/- PER UNIT,63.6809554275965,1.0134245854172097,75.99,4.776674937965254,-71.12597547380156,https://nsearchives.nseindia.com/today/UTINEXT50EQN.svg,62.51,21-Jul-2023,https://nsearchives.nseindia.com/365d/UTINEXT50-EQ.svg,21-Jun-2024,0.58,https://nsearchives.nseindia.com/30d/UTINEXT50-EQ.svg,UTI Mutual Fund - UTI NIfty Next 50 Exchange Traded Fund - UTI NIFTY N,['EQ'],[],False,False,True,False,False,[],True,False,INF789F1AUW9,False,"{'equityTime': '22-Jul-2024 13:58:28', 'preOpenTime': '22-Jul-2024 09:07:28', 'QuotePreOpenFlag': False}",,77.05300000000001,-0.3030000000000115,-0.3947882736156501,15.448255114320089
11,ABSLNN50ET,Nifty Next 50,76.3,76.3,73.34,75.04,0.94,1.27,14859,1109967.3,73.8462,80,43.9,25-NOV-21, FACE VALUE SPLIT (SUB-DIVISION) - FROM RS 10/- PER SHARE TO RE 1/- PER SHARE,61.030042918454946,1.200269723533379,74.1,6.199999999999992,-70.9339407744875,https://nsearchives.nseindia.com/today/ABSLNN50ETEQN.svg,62.36,21-Jul-2023,https://nsearchives.nseindia.com/365d/ABSLNN50ET-EQ.svg,21-Jun-2024,0.42,https://nsearchives.nseindia.com/30d/ABSLNN50ET-EQ.svg,Aditya Birla Sun Life Nifty Next 50 ETF,['EQ'],[],False,False,True,False,False,[],True,False,INF209KB16D7,False,"{'equityTime': '22-Jul-2024 13:58:28', 'preOpenTime': '22-Jul-2024 09:07:28', 'QuotePreOpenFlag': False}",,75.328,-0.2879999999999967,-0.38379530916843907,16.0891089108911
8,NEXT50,Nifty Next 50,746.15,746.15,716.85,734.43,10.02,1.38,5862,4248718.98,723.937,757.98,431,-,-,Infinity,1.162550448353275,724.41,3.106942135676412,-70.4013921113689,https://nsearchives.nseindia.com/today/NEXT50EQN.svg,-,-,-,21-Jun-2024,0.33,https://nsearchives.nseindia.com/30d/NEXT50-EQ.svg,Mirae Asset Mutual Fund - MIRAE ASSET NIFTY NEXT 50 ETF (MANXT50) - Mi,['EQ'],[],False,False,True,False,False,[],True,False,INF769K01FN2,False,"{'equityTime': '22-Jul-2024 13:58:28', 'preOpenTime': '22-Jul-2024 09:07:28', 'QuotePreOpenFlag': False}",,737.1949999999999,-2.7649999999999864,-0.37648244216603166,15.754882027519018
45,AUTOBEES,Nifty Auto TRI,260.73,260.73,251.95,256.85,1.95,0.77,184168,47088074.24,254.2117,264.48,153.8,-,-,63.06901149133391,-0.6152298405819436,254.9,2.884906231094977,-67.00260078023408,https://nsearchives.nseindia.com/today/AUTOBEESEQN.svg,61.3,21-Jul-2023,https://nsearchives.nseindia.com/365d/AUTOBEES-EQ.svg,21-Jun-2024,-0.12,https://nsearchives.nseindia.com/30d/AUTOBEES-EQ.svg,Nippon India Mutual Fund - Nippon India Nifty Auto ETF,['EQ'],[],False,False,True,False,False,[],True,False,INF204KC1337,False,"{'equityTime': '22-Jul-2024 13:58:28', 'preOpenTime': '22-Jul-2024 09:07:28', 'QuotePreOpenFlag': False}",,257.48,-0.6299999999999955,-0.24527934592174241,15.792083671445331
52,MNC,Kotak Nifty MNC ETF,31.17,31.17,30.62,31.07,0.19,0.62,21243,657045.99,30.7709,32.76,21.43,-,-,Infinity,0.8766233766233752,30.88,5.158730158730152,-44.98366775548297,https://nsearchives.nseindia.com/today/MNCEQN.svg,-,-,-,21-Jun-2024,0.85,https://nsearchives.nseindia.com/30d/MNC-EQ.svg,Kotak Mahindra Mutual Fund - Kotak Nifty MNC ETF,['EQ'],[],False,False,True,False,False,[],True,False,INF174KA1JF2,False,"{'equityTime': '22-Jul-2024 13:58:28', 'preOpenTime': '22-Jul-2024 09:07:28', 'QuotePreOpenFlag': False}",,31.115999999999996,-0.04599999999999582,-0.14805278403603417,16.7167543200601
88,HDFCMID150,HDFC NIFTY Midcap 150 ETF,20.55,21.48,19.96,21.17,0.04,0.19,397546,8380269.68,20.9141,22.49,13.6,20-OCT-23,FACE VALUE SPLIT (SUB-DIVISION) - FROM RS 115.95/- PER SHARE TO RS 11.59/- PER SHARE,-84.70265192571718,2.369439071566741,21.13,5.869275233437069,-55.66176470588237,https://nsearchives.nseindia.com/today/HDFCMID150EQN.svg,-84.69,21-Jul-2023,https://nsearchives.nseindia.com/365d/HDFCMID150-EQ.svg,21-Jun-2024,1.25,https://nsearchives.nseindia.com/30d/HDFCMID150-EQ.svg,HDFC Mutual Fund - HDFC NIFTY Midcap 150 ETF,['EQ'],[],False,False,True,False,False,[],True,False,INF179KC1HT0,False,"{'equityTime': '22-Jul-2024 13:58:28', 'preOpenTime': '22-Jul-2024 09:07:28', 'QuotePreOpenFlag': False}",,21.197499999999998,-0.027499999999996305,-0.1299008030231285,15.683060109289624
23,SMALLCAP,Mirae Asset Nifty Smallcap 250 Momentum Quality 100 ETF,52.27,52.83,50.83,52.25,0.58,1.12,650695,33784084.4,51.4577,55.25,39.24,-,-,Infinity,2.89484048838125,51.67,5.429864253393665,-33.15494393476044,https://nsearchives.nseindia.com/today/SMALLCAPEQN.svg,-,-,-,21-Jun-2024,1.41,https://nsearchives.nseindia.com/30d/SMALLCAP-EQ.svg,Mirae Asset MF-Mirae Asset Nifty Smallcap 250 Momentum Quality 100 ETF,['EQ'],[],False,False,False,False,False,[],True,False,INF769K01LC3,False,"{'equityTime': '22-Jul-2024 13:58:28', 'preOpenTime': '22-Jul-2024 09:07:28', 'QuotePreOpenFlag': False}",,52.311,-0.06099999999999994,-0.11674641148325347,14.033173286774334
28,MID150BEES,Nifty Midcap 150 TRI,218.99,218.99,211.93,216.34,2.28,1.07,447292,96149888.32,213.5744,222.99,136.5,-,-,53.73791927231382,2.2787443267776064,214.06,2.9821965110543096,-58.49084249084249,https://nsearchives.nseindia.com/today/MID150BEESEQN.svg,52.3,21-Jul-2023,https://nsearchives.nseindia.com/365d/MID150BEES-EQ.svg,21-Jun-2024,0.52,https://nsearchives.nseindia.com/30d/MID150BEES-EQ.svg,NIPPON INDIA ETF NIFTY MIDCAP 150,['EQ'],[],False,False,True,False,False,[],True,False,INF204KB1V68,False,"{'equityTime': '22-Jul-2024 13:58:28', 'preOpenTime': '22-Jul-2024 09:07:28', 'QuotePreOpenFlag': False}",,216.51600000000002,-0.17600000000001614,-0.08135342516410102,15.504538174052318
30,AUTOIETF,Nifty Auto Index,25.45,25.79,25.15,25.72,0.27,1.06,328947,8398016.91,25.4216,26.9,15.27,01-MAR-24,FACE VALUE SPLIT (SUB-DIVISION) - FROM RS 10/- PER SHARE TO RE 1/- PER SHARE,Infinity,-0.38729666924864997,25.45,4.386617100371747,-68.43483955468238,https://nsearchives.nseindia.com/today/AUTOIETFEQN.svg,-,-,-,21-Jun-2024,-0.31,https://nsearchives.nseindia.com/30d/AUTOIETF-EQ.svg,ICICI Prudential Mutual Fund - ICICI Prudential  Nifty Auto ETF,['EQ'],[],False,False,True,False,False,[],True,False,INF109KC10V2,False,"{'equityTime': '22-Jul-2024 13:58:28', 'preOpenTime': '22-Jul-2024 09:07:28', 'QuotePreOpenFlag': False}",,25.7395,-0.01950000000000074,-0.07581648522550832,16.27486437613019
20,MIDCAPETF,Mirae Asset Mutual Fund - Mirae Asset Nifty Midcap 150 ETF,20.45,21.7,20.45,21.31,0.25,1.19,993009,20952489.9,21.0488,22.25,13.45,-,-,Infinity,2.304368698991841,21.06,4.224719101123601,-58.43866171003718,https://nsearchives.nseindia.com/today/MIDCAPETFEQN.svg,-,-,-,21-Jun-2024,0.48,https://nsearchives.nseindia.com/30d/MIDCAPETF-EQ.svg,Mirae Asset Mutual Fund - Mirae Asset Nifty Midcap 150 ETF,['EQ'],[],False,False,True,False,False,[],True,False,INF769K01IC9,False,"{'equityTime': '22-Jul-2024 13:58:28', 'preOpenTime': '22-Jul-2024 09:07:28', 'QuotePreOpenFlag': False}",,21.312,-0.0020000000000024443,-0.0093852651337515,15.941240478781282
31,NIFMID150,UTI Nifty Midcap 150 Exchange Traded Fund (ETF),209.2,211.47,209.2,211.47,2.22,1.06,2995,630267.8,208.5734,217,141.57,-,-,Infinity,2.3324461650133044,209.25,2.548387096774194,-49.37486755668575,https://nsearchives.nseindia.com/today/NIFMID150EQN.svg,-,-,-,21-Jun-2024,0.86,https://nsearchives.nseindia.com/30d/NIFMID150-EQ.svg,UTI Mutual Fund - UTI Nifty Midcap 150 Exchange Traded Fund (ETF),['EQ'],[],False,False,True,False,False,[],True,False,INF789F1AYX9,False,"{'equityTime': '22-Jul-2024 13:58:28', 'preOpenTime': '22-Jul-2024 09:07:28', 'QuotePreOpenFlag': False}",,211.467,0.002999999999985903,0.0014186409419709193,15.557377049180326
24,ALPHA,NIFTY Alpha 50 Index,54.8,55.77,54.03,55.49,0.61,1.11,914562,50410657.44,54.7135,57.87,31.5,-,-,Infinity,2.8354336545589347,54.88,4.112666321064447,-76.15873015873017,https://nsearchives.nseindia.com/today/ALPHAEQN.svg,-,-,-,21-Jun-2024,1.27,https://nsearchives.nseindia.com/30d/ALPHA-EQ.svg,Kotak Mahindra Mutual Fund - Kotak Nifty Alpha 50 ETF,['EQ'],[],False,False,True,False,False,[],True,False,INF174KA1IA5,False,"{'equityTime': '22-Jul-2024 13:58:28', 'preOpenTime': '22-Jul-2024 09:07:28', 'QuotePreOpenFlag': False}",,55.48449999999999,0.005500000000012051,0.00991169580106695,18.56837606837608
37,UTISXN50,BSE Sensex Next 50,87.49,88.96,87.49,88,0.83,0.95,2539,223635.12,86.7819,90.97,46.88,17-FEB-21, FACE VALUE SPLIT (SUB-DIVISION) - FROM RS 10/- PER UNIT TO RE 1/- PER UNIT,55.50450609648347,2.017157431022484,87.17,3.2648125755743638,-87.71331058020478,https://nsearchives.nseindia.com/today/UTISXN50EQN.svg,52.13,21-Jul-2023,https://nsearchives.nseindia.com/365d/UTISXN50-EQ.svg,21-Jun-2024,0.82,https://nsearchives.nseindia.com/30d/UTISXN50-EQ.svg,UTI BSE Sensex Next 50 ETF,['EQ'],[],False,False,True,False,False,[],True,False,INF789F1AUU3,False,"{'equityTime': '22-Jul-2024 13:58:28', 'preOpenTime': '22-Jul-2024 09:07:28', 'QuotePreOpenFlag': False}",,87.97900000000001,0.020999999999986585,0.02386363636362112,14.063512637718723
15,MIDCAP,Nifty Midcap 50 Index,159.49,161.4,156.9,160.88,1.96,1.23,34936,5585218.32,158.1644,165.48,103.56,-,-,Infinity,2.262903635901349,158.92,2.7797921198936395,-55.349555813055225,https://nsearchives.nseindia.com/today/MIDCAPEQN.svg,-,-,-,21-Jun-2024,0.87,https://nsearchives.nseindia.com/30d/MIDCAP-EQ.svg,Kotak Nifty Midcap 50 ETF,['EQ'],[],False,False,True,False,False,[],True,False,INF174KA1IB3,False,"{'equityTime': '22-Jul-2024 13:58:28', 'preOpenTime': '22-Jul-2024 09:07:28', 'QuotePreOpenFlag': False}",,160.84,0.03999999999999204,0.024863252113371485,15.657800143781452
84,BFSI,Nifty Financial Services Index,24.81,24.81,23.95,24.18,0.06,0.25,139101,3357898.14,24.1207,24.95,19,-,-,Infinity,3.2450896669513147,24.12,3.086172344689377,-27.263157894736842,https://nsearchives.nseindia.com/today/BFSIEQN.svg,-,-,-,21-Jun-2024,2.77,https://nsearchives.nseindia.com/30d/BFSI-EQ.svg,Mirae Asset Mutual Fund - Mirae Asset Nifty Financial Services ETF,['EQ'],[],False,False,True,False,False,[],True,False,INF769K01HI8,False,"{'equityTime': '22-Jul-2024 13:58:28', 'preOpenTime': '22-Jul-2024 09:07:28', 'QuotePreOpenFlag': False}",,24.104000000000003,0.07599999999999696,0.3143093465673985,11.582833410244568
142,MONIFTY500,Motilal Oswal Nifty 500 ETF,23.13,23.34,22.91,23.11,-0.02,-0.09,164206,3789874.48,22.9901,24.5,16.3,-,-,Infinity,3.0316540347748537,23.13,5.673469387755104,-41.77914110429447,https://nsearchives.nseindia.com/today/MONIFTY500EQN.svg,-,-,-,21-Jun-2024,3.17,https://nsearchives.nseindia.com/30d/MONIFTY500-EQ.svg,Motilal Oswal Mutual Fund - Motilal Oswal Nifty 500 ETF,['EQ'],[],False,False,True,False,False,[],True,False,INF247L01BU1,False,"{'equityTime': '22-Jul-2024 13:58:28', 'preOpenTime': '22-Jul-2024 09:07:28', 'QuotePreOpenFlag': False}",,23.0065,0.10350000000000037,0.4478580700995256,12.02132816286961
16,MOM100,Nifty Midcap 100,60.99,60.99,59.11,60.7,0.74,1.23,482569,28983094.14,59.7371,63.6,38.8,-,-,54.925982644206236,3.30156569094623,59.96,4.559748427672954,-56.44329896907218,https://nsearchives.nseindia.com/today/MOM100EQN.svg,53.39,21-Jul-2023,https://nsearchives.nseindia.com/365d/MOM100-EQ.svg,21-Jun-2024,1.06,https://nsearchives.nseindia.com/30d/MOM100-EQ.svg,Motilal Oswal Mutual Fund - Motilal Oswal Midcap 100 ETF,['EQ'],[],False,False,True,False,False,[],True,False,INF247L01023,False,"{'equityTime': '22-Jul-2024 13:58:28', 'preOpenTime': '22-Jul-2024 09:07:28', 'QuotePreOpenFlag': False}",,60.3515,0.34850000000000136,0.5741350906095574,15.751334858886356
83,BSE500IETF,S&P BSE 500 index,38.74,38.83,38.15,38.64,0.1,0.26,156653,6032707.03,38.4374,39.38,24.2,28-OCT-21, FACE VALUE SPLIT (SUB-DIVISION) - FROM RS 10/- PER SHARE TO RE 1/- PER SHARE,Infinity,3.232701041944966,38.54,1.8791264601320516,-59.669421487603316,https://nsearchives.nseindia.com/today/BSE500IETFEQN.svg,-,-,-,21-Jun-2024,2.86,https://nsearchives.nseindia.com/30d/BSE500IETF-EQ.svg,ICICI Prudential BSE 500 ETF,['EQ'],[],False,False,True,False,False,[],True,False,INF109KC1V59,False,"{'equityTime': '22-Jul-2024 13:58:28', 'preOpenTime': '22-Jul-2024 09:07:28', 'QuotePreOpenFlag': False}",,38.352500000000006,0.2874999999999943,0.7440476190476043,12.260313771063332
208,HDFCBSE500,HDFC S&P BSE 500 ETF,38.4,39.49,37.07,37.26,-1.03,-2.69,380997,14439786.3,36.5185,44.4,26,-,-,37.23756906077348,4.780652418447682,38.29,16.08108108108108,-43.3076923076923,https://nsearchives.nseindia.com/today/HDFCBSE500EQN.svg,44.55,21-Jul-2023,https://nsearchives.nseindia.com/365d/HDFCBSE500-EQ.svg,21-Jun-2024,7.56,https://nsearchives.nseindia.com/30d/HDFCBSE500-EQ.svg,HDFC Mutual Fund - HDFC S&P BSE 500 ETF,['EQ'],[],False,False,True,False,False,[],True,False,INF179KC1EZ4,False,"{'equityTime': '22-Jul-2024 13:58:28', 'preOpenTime': '22-Jul-2024 09:07:28', 'QuotePreOpenFlag': False}",,36.9615,0.2984999999999971,0.8011272141706848,11.623726782504479
78,ESG,NIFTY100 ESG SECTOR LEADERS,40.97,41.32,40.89,41.2,0.12,0.29,9964,409221.48,41.1099,42,30.94,-,-,Infinity,3.9616452182689885,41.08,1.904761904761898,-33.16095669036846,https://nsearchives.nseindia.com/today/ESGEQN.svg,-,-,-,21-Jun-2024,3.84,https://nsearchives.nseindia.com/30d/ESG-EQ.svg,MIRAE ASSET MUTUAL FUND - Mirae Asset Nifty 100 ESG Sector Leaders ETF,['EQ'],[],False,False,True,False,False,[],True,False,INF769K01GS9,False,"{'equityTime': '22-Jul-2024 13:58:28', 'preOpenTime': '22-Jul-2024 09:07:28', 'QuotePreOpenFlag': False}",,40.754000000000005,0.44599999999999795,1.082524271844655,10.219368646334939
92,NIF100BEES,Nifty 100 TRI,267.03,268.34,263.16,267.63,0.43,0.16,14750,3939282.5,266.6157,284.84,196,-,-,30.19556333917104,3.7285376535793207,267.2,6.041988484763369,-36.545918367346935,https://nsearchives.nseindia.com/today/NIF100BEESEQN.svg,30.6,21-Jul-2023,https://nsearchives.nseindia.com/365d/NIF100BEES-EQ.svg,21-Jun-2024,3.73,https://nsearchives.nseindia.com/30d/NIF100BEES-EQ.svg,NIPPON INDIA ETF NIFTY 100,['EQ'],[],False,False,True,False,False,[],True,False,INF204K014N5,False,"{'equityTime': '22-Jul-2024 13:58:28', 'preOpenTime': '22-Jul-2024 09:07:28', 'QuotePreOpenFlag': False}",,264.627,3.002999999999986,1.1220715166461106,10.87956249741061
140,QNIFTY,Nifty 50,2640.01,2644,2625.99,2636,-2.11,-0.08,140,368991,2640.2343,2700.01,2016,08-MAR-18, DIVIDEND - RS 80 PER UNIT (PURPOSE REVISED),23.980546906600704,4.191782446293413,2638.11,2.370731960252007,-30.753968253968253,https://nsearchives.nseindia.com/today/QNIFTYEQN.svg,25.27,21-Jul-2023,https://nsearchives.nseindia.com/365d/QNIFTY-EQ.svg,21-Jun-2024,4.32,https://nsearchives.nseindia.com/30d/QNIFTY-EQ.svg,Quantum Nifty 50 ETF,['EQ'],[],False,False,True,False,False,[],True,False,INF082J01028,False,"{'equityTime': '22-Jul-2024 13:58:28', 'preOpenTime': '22-Jul-2024 09:07:28', 'QuotePreOpenFlag': False}",MUTUAL FUND,2605.8940000000002,30.105999999999767,1.1421092564491566,10.16428520680879
81,HDFCNIF100,HDFC NIFTY 100 ETF,25.91,26.14,25.61,25.98,0.07,0.27,18235,472104.15,25.881,26.5,18.91,20-OCT-23,FACE VALUE SPLIT (SUB-DIVISION) - FROM RS 177.27/- PER SHARE TO RS 17.727/- PER SHARE,-87.20323120874792,3.8784486205517745,25.91,1.9622641509433947,-37.38762559492332,https://nsearchives.nseindia.com/today/HDFCNIF100EQN.svg,-86.98,21-Jul-2023,https://nsearchives.nseindia.com/365d/HDFCNIF100-EQ.svg,21-Jun-2024,3.81,https://nsearchives.nseindia.com/30d/HDFCNIF100-EQ.svg,HDFC Mutual Fund - HDFC NIFTY 100 ETF,['EQ'],[],False,False,True,False,False,[],True,False,INF179KC1HR4,False,"{'equityTime': '22-Jul-2024 13:58:28', 'preOpenTime': '22-Jul-2024 09:07:28', 'QuotePreOpenFlag': False}",,25.6715,0.30849999999999866,1.1874518860661996,11.215753424657539
156,UTINIFTETF,Nifty 50,267.74,267.75,263.56,265.61,-0.44,-0.17,16719,4442739.87,265.5729,280.61,202.55,25-SEP-23,FACE VALUE SPLIT (SUB-DIVISION) - FROM RS 10/- PER SHARE TO RE 1/- PER SHARE,-87.55143743614258,4.21800204033587,266.05,5.3454973094330205,-31.133053567020486,https://nsearchives.nseindia.com/today/UTINIFTETFEQN.svg,-87.43,21-Jul-2023,https://nsearchives.nseindia.com/365d/UTINIFTETF-EQ.svg,21-Jun-2024,4.44,https://nsearchives.nseindia.com/30d/UTINIFTETF-EQ.svg,UTI Nifty 50 ETF,['EQ'],[],False,False,True,False,False,[],True,False,INF789F1AZC0,False,"{'equityTime': '22-Jul-2024 13:58:28', 'preOpenTime': '22-Jul-2024 09:07:28', 'QuotePreOpenFlag': False}",MUTUAL FUND,262.3,3.3100000000000023,1.2461880200293671,10.486688851913481
150,SENSEXIETF,SENSEX,907.7,912.3,892.83,906.39,-1.31,-0.14,2608,2362300.32,905.862,975,720,-,-,Infinity,4.525168655941879,907.7,7.036923076923078,-25.8875,https://nsearchives.nseindia.com/today/SENSEXIETFEQN.svg,-,-,-,21-Jun-2024,4.31,https://nsearchives.nseindia.com/30d/SENSEXIETF-EQ.svg,ICICI Prudential BSE Sensex ETF,['EQ'],[],False,False,True,False,False,[],True,False,INF346A01034,False,"{'equityTime': '22-Jul-2024 13:58:28', 'preOpenTime': '22-Jul-2024 09:07:28', 'QuotePreOpenFlag': False}",,894.741,11.649000000000001,1.285208354019793,10.053546060539825
56,MOVALUE,Motilal Oswal S&P BSE Enhanced Value ETF,112.9,112.9,104.06,107.57,0.61,0.57,113263,12163313.57,106.4374,112.9,56.2,-,-,90.25468694729393,4.083212385099177,106.96,4.7209920283436775,-91.40569395017792,https://nsearchives.nseindia.com/today/MOVALUEEQN.svg,89.01,21-Jul-2023,https://nsearchives.nseindia.com/365d/MOVALUE-EQ.svg,21-Jun-2024,2.89,https://nsearchives.nseindia.com/30d/MOVALUE-EQ.svg,Motilal Oswal Mutual Fund - Motilal Oswal SP BSE Enhanced Value ETF,['EQ'],[],False,False,True,False,False,[],True,False,INF247L01BE5,False,"{'equityTime': '22-Jul-2024 13:58:28', 'preOpenTime': '22-Jul-2024 09:07:28', 'QuotePreOpenFlag': False}",,106.176,1.3939999999999912,1.295900343962063,12.098791162984577
207,HDFCNIFTY,Nifty 50,272.99,272.99,269.09,270.44,-3.57,-1.30,105574,28527150.54,270.0459,285.01,206.3,17-FEB-21, FACE VALUE SPLIT (SUB-DIVISION) - FROM RS 761.25/- PER UNIT TO RS 76.125/- PER UNIT,24.511970534069988,4.372660260121178,274.01,5.1121013297779,-31.09064469219582,https://nsearchives.nseindia.com/today/HDFCNIFTYEQN.svg,27.38,21-Jul-2023,https://nsearchives.nseindia.com/365d/HDFCNIFTY-EQ.svg,21-Jun-2024,5.77,https://nsearchives.nseindia.com/30d/HDFCNIFTY-EQ.svg,HDFC NIFTY 50 ETF,['EQ'],[],False,False,True,False,False,[],True,False,INF179KC1965,False,"{'equityTime': '22-Jul-2024 13:58:28', 'preOpenTime': '22-Jul-2024 09:07:28', 'QuotePreOpenFlag': False}",,266.934,3.505999999999972,1.2964058571217172,10.392685117152425
139,NETF,Tata Nifty 50 Exchange Traded Fund,263.75,263.75,258.55,261.01,-0.22,-0.08,14552,3791087.04,261.0139,274.99,199,-,-,24.515790478007816,4.541995433972846,261.23,5.08382122986291,-31.1608040201005,https://nsearchives.nseindia.com/today/NETFEQN.svg,23.05,21-Jul-2023,https://nsearchives.nseindia.com/365d/NETF-EQ.svg,21-Jun-2024,4.5,https://nsearchives.nseindia.com/30d/NETF-EQ.svg,Tata Nifty 50 Exchange Traded Fund,['EQ'],[],False,False,True,False,False,[],True,False,INF277K015R5,False,"{'equityTime': '22-Jul-2024 13:58:28', 'preOpenTime': '22-Jul-2024 09:07:28', 'QuotePreOpenFlag': False}",,257.5485,3.461500000000001,1.3261943986820433,10.452371884389144
108,HDFCSENSEX,SENSEX,90.36,90.36,89.07,89.51,0.05,0.06,28723,2571282.96,89.4188,91.4,69.47,02-FEB-24,FACE VALUE SPLIT (SUB-DIVISION) - FROM RS 250.361/- PER SHARE TO RS 25.0361/- PER SHARE,-87.89325614737469,4.263249854397217,89.46,2.067833698030635,-28.84698430977401,https://nsearchives.nseindia.com/today/HDFCSENSEXEQN.svg,-87.83,21-Jul-2023,https://nsearchives.nseindia.com/365d/HDFCSENSEX-EQ.svg,21-Jun-2024,4.42,https://nsearchives.nseindia.com/30d/HDFCSENSEX-EQ.svg,HDFC S&P BSE SENSEX ETF,['EQ'],[],False,False,True,False,False,[],True,False,INF179KC1HX2,False,"{'equityTime': '22-Jul-2024 13:58:28', 'preOpenTime': '22-Jul-2024 09:07:28', 'QuotePreOpenFlag': False}",,88.321,1.1890000000000072,1.3283432018768933,10.329101442129927
153,NIFTYBEES,Nifty 50,273.3,273.99,271.11,272.88,-0.41,-0.15,2424027,661274565.6,272.9113,276.48,207.15,19-DEC-19, FACE VALUE SPLIT (SUB-DIVISION) - FROM RS 10/- TO RS 1/-,24.313243132431325,4.399724538985385,273.29,1.3020833333333415,-31.730629978276607,https://nsearchives.nseindia.com/today/NIFTYBEESEQN.svg,25.66,21-Jul-2023,https://nsearchives.nseindia.com/365d/NIFTYBEES-EQ.svg,21-Jun-2024,4.76,https://nsearchives.nseindia.com/30d/NIFTYBEES-EQ.svg,Nippon India ETF Nifty 50 BeES,['EQ'],[],False,False,True,False,False,[],True,False,INF204KB14I2,False,"{'equityTime': '22-Jul-2024 13:58:28', 'preOpenTime': '22-Jul-2024 09:07:28', 'QuotePreOpenFlag': False}",MUTUAL FUND,269.2325,3.6474999999999795,1.3366681325124523,10.339250333589419
155,SETFNIF50,Nifty 50,264.82,264.82,256.6,258.15,-0.38,-0.15,204445,52744765.55,257.9862,264.82,196.9,24-MAR-21, DIVIDEND - RS 1.30 PER SHARE,24.43362575918248,4.269327086194346,258.53,2.5186919416962525,-31.107160995429137,https://nsearchives.nseindia.com/today/SETFNIF50EQN.svg,25.79,21-Jul-2023,https://nsearchives.nseindia.com/365d/SETFNIF50-EQ.svg,21-Jun-2024,4.75,https://nsearchives.nseindia.com/30d/SETFNIF50-EQ.svg,SBI-ETF Nifty 50,['EQ'],[],False,False,True,False,False,[],True,False,INF200KA1FS1,False,"{'equityTime': '22-Jul-2024 13:58:28', 'preOpenTime': '22-Jul-2024 09:07:28', 'QuotePreOpenFlag': False}",MUTUAL FUND,254.58399999999997,3.5660000000000025,1.3813674220414498,10.358242134062925
176,IDFNIFTYET,Nifty 50,272.65,272.65,257,266.03,-1.27,-0.48,559,147447.43,265.0136,272.65,176,-,-,25.895603615541134,4.32958155221772,267.3,2.4280212726939316,-51.15340909090907,https://nsearchives.nseindia.com/today/IDFNIFTYETEQN.svg,26.32,21-Jul-2023,https://nsearchives.nseindia.com/365d/IDFNIFTYET-EQ.svg,21-Jun-2024,4.48,https://nsearchives.nseindia.com/30d/IDFNIFTYET-EQ.svg,Bandhan Nifty 50 ETF,['EQ'],[],False,False,True,False,False,[],True,False,INF194KA1U07,False,"{'equityTime': '22-Jul-2024 13:58:28', 'preOpenTime': '22-Jul-2024 09:07:28', 'QuotePreOpenFlag': False}",,262.3435,3.686499999999967,1.3857459684997808,10.693629592643433
102,SENSEXETF,Mirae Asset S&P BSE Sensex ETF,81.14,81.73,81,81.45,0.07,0.09,8847,719614.98,81.3537,82.3,62.27,-,-,Infinity,4.423076923076927,81.38,1.0328068043742338,-30.80134896418821,https://nsearchives.nseindia.com/today/SENSEXETFEQN.svg,-,-,-,21-Jun-2024,4.29,https://nsearchives.nseindia.com/30d/SENSEXETF-EQ.svg,Mirae Asset Mutual Fund - Mirae Asset S&P BSE Sensex ETF,['EQ'],[],False,False,True,False,False,[],True,False,INF769K01KT9,False,"{'equityTime': '22-Jul-2024 13:58:28', 'preOpenTime': '22-Jul-2024 09:07:28', 'QuotePreOpenFlag': False}",,80.31949999999999,1.130500000000012,1.3879680785758282,10.112207651750715
110,NIFTYETF,Nifty 50,260.64,261.42,258.81,261.01,0.12,0.05,28238,7352328.06,260.6309,266.15,198.94,-,-,Infinity,4.449957981511868,260.89,1.9312417809505869,-31.200361918166276,https://nsearchives.nseindia.com/today/NIFTYETFEQN.svg,-,-,-,21-Jun-2024,4.45,https://nsearchives.nseindia.com/30d/NIFTYETF-EQ.svg,Mirae Asset Mutual Fund - Mirae Asset Nifty 50 ETF,['EQ'],[],False,False,True,False,False,[],True,False,INF769K01EG9,False,"{'equityTime': '22-Jul-2024 13:58:28', 'preOpenTime': '22-Jul-2024 09:07:28', 'QuotePreOpenFlag': False}",,257.38399999999996,3.626000000000033,1.3892188038772588,10.738226559185406
143,UTISENSETF,SENSEX,881.97,881.97,869.65,874.51,-0.91,-0.10,549,479677.77,873.1316,898,673.02,26-FEB-21, INTERIM DIVIDEND - RS 13.56 PER UNIT,20.94235769209492,4.692868515880337,875.42,2.615812917594656,-29.938189058274645,https://nsearchives.nseindia.com/today/UTISENSETFEQN.svg,21.05,21-Jul-2023,https://nsearchives.nseindia.com/365d/UTISENSETF-EQ.svg,21-Jun-2024,4.77,https://nsearchives.nseindia.com/30d/UTISENSETF-EQ.svg,UTI BSE Sensex ETF,['EQ'],[],False,False,True,False,False,[],True,False,INF789FB1X58,False,"{'equityTime': '22-Jul-2024 13:58:28', 'preOpenTime': '22-Jul-2024 09:07:28', 'QuotePreOpenFlag': False}",MUTUAL FUND,862.0285,12.481499999999983,1.42725640644475,10.444424798878526
106,BSLNIFTY,Nifty 50,28.1,28.95,28,28.12,0.02,0.07,438912,12342205.44,28.075,30.01,20,25-NOV-21, FACE VALUE SPLIT (SUB-DIVISION) - FROM RS 10/- PER SHARE TO RE 1/- PER SHARE,25.144637294170018,4.496469713861021,28.1,6.297900699766746,-40.60000000000001,https://nsearchives.nseindia.com/today/BSLNIFTYEQN.svg,25.61,21-Jul-2023,https://nsearchives.nseindia.com/365d/BSLNIFTY-EQ.svg,21-Jun-2024,4.54,https://nsearchives.nseindia.com/30d/BSLNIFTY-EQ.svg,Aditya Birla Sun Life Nifty 50 ETF,['EQ'],[],False,False,True,False,False,[],True,False,INF209KB19D1,False,"{'equityTime': '22-Jul-2024 13:58:28', 'preOpenTime': '22-Jul-2024 09:07:28', 'QuotePreOpenFlag': False}",MUTUAL FUND,27.711000000000002,0.4089999999999989,1.4544807965860558,10.665092483274305
141,NIFTYIETF,Nifty 50,278.49,278.49,269.99,271.68,-0.22,-0.08,198688,53906041.28,271.459,280.2,224.95,-,-,Infinity,4.576773547865578,271.9,3.040685224839394,-20.773505223382983,https://nsearchives.nseindia.com/today/NIFTYIETFEQN.svg,-,-,-,21-Jun-2024,4.78,https://nsearchives.nseindia.com/30d/NIFTYIETF-EQ.svg,ICICI Prudential Nifty 50 ETF,['EQ'],[],False,False,True,False,False,[],True,False,INF109K012R6,False,"{'equityTime': '22-Jul-2024 13:58:28', 'preOpenTime': '22-Jul-2024 09:07:28', 'QuotePreOpenFlag': False}",,267.7065,3.9735000000000014,1.4625662544169618,10.385177961969772
115,NIFTY50ADD,Nifty 50 Index,253,253.21,251.33,252.84,0.08,0.03,3488,880127.04,252.4245,260,192.76,-,-,Infinity,4.427556583512308,252.76,2.7538461538461525,-31.168292176800172,https://nsearchives.nseindia.com/today/NIFTY50ADDEQN.svg,-,-,-,21-Jun-2024,4.65,https://nsearchives.nseindia.com/30d/NIFTY50ADD-EQ.svg,DSP  Mutual Fund - DSP Nifty 50 ETF,['EQ'],[],False,False,True,False,False,[],True,False,INF740KA1CL0,False,"{'equityTime': '22-Jul-2024 13:58:28', 'preOpenTime': '22-Jul-2024 09:07:28', 'QuotePreOpenFlag': False}",,249.10200000000003,3.737999999999971,1.4784053156146064,10.705372389334041
138,AXSENSEX,AXIS S&P BSE SENSEX ETF,82.68,82.77,81.17,81.94,-0.05,-0.06,3870,317340,81.7807,85,62.95,-,-,21.952671528501266,4.836233367451383,81.99,3.6000000000000028,-30.166799046862582,https://nsearchives.nseindia.com/today/AXSENSEXEQN.svg,24.62,21-Jul-2023,https://nsearchives.nseindia.com/365d/AXSENSEX-EQ.svg,21-Jun-2024,4.41,https://nsearchives.nseindia.com/30d/AXSENSEX-EQ.svg,Axis Mutual Fund - AXIS S&P BSE SENSEX ETF,['EQ'],[],False,False,True,False,False,[],True,False,INF846K010Q0,False,"{'equityTime': '22-Jul-2024 13:58:28', 'preOpenTime': '22-Jul-2024 09:07:28', 'QuotePreOpenFlag': False}",,80.711,1.2289999999999992,1.4998779594825473,10.090017466075494
99,AXISNIFTY,Nifty 50,266,267,263.52,265.63,0.28,0.11,3338,883969.16,265.2229,275,197.9,23-JUL-20, FACE VALUE SPLIT (SUB-DIVISION) - FROM RS 100/- PER SHARE TO RS 10/- PER SHARE,24.650398873768186,4.661150512214336,265.35,3.407272727272729,-34.2243557352198,https://nsearchives.nseindia.com/today/AXISNIFTYEQN.svg,25.38,21-Jul-2023,https://nsearchives.nseindia.com/365d/AXISNIFTY-EQ.svg,21-Jun-2024,4.63,https://nsearchives.nseindia.com/30d/AXISNIFTY-EQ.svg,AXIS MUTUAL FUND - Axis NIFTY 50 ETF,['EQ'],[],False,False,True,False,False,[],True,False,INF846K01W98,False,"{'equityTime': '22-Jul-2024 13:58:28', 'preOpenTime': '22-Jul-2024 09:07:28', 'QuotePreOpenFlag': False}",,261.566,4.064000000000021,1.529947671573249,10.72530220925385
204,NIFTY1,Nifty 50,270,272.49,262.53,266.79,-2.98,-1.10,32802,8735172.6,265.7889,285,202.89,27-JUL-17, FACE VALUE SPLIT (SUB-DIVISION) - FROM RS 10/- PER SHARE TO RS 1/- PER SHARE,Infinity,4.052262090483636,269.77,6.389473684210519,-31.494898713588665,https://nsearchives.nseindia.com/today/NIFTY1EQN.svg,-,-,-,21-Jun-2024,6.02,https://nsearchives.nseindia.com/30d/NIFTY1-EQ.svg,Kotak Nifty 50 ETF,['EQ'],[],False,False,True,False,False,[],True,False,INF174K014P6,False,"{'equityTime': '22-Jul-2024 13:58:28', 'preOpenTime': '22-Jul-2024 09:07:28', 'QuotePreOpenFlag': False}",,262.6875,4.1025000000000205,1.5377263015855243,10.77938795000623
104,NIFTYBETF,Bajaj Finserv Nifty 50 ETF,246.64,247.6,246.38,247.15,0.2,0.08,3559,877684.99,246.6678,257.14,215.04,-,-,Infinity,4.4545877181860405,246.95,3.885043167146294,-14.932105654761912,https://nsearchives.nseindia.com/today/NIFTYBETFEQN.svg,-,-,-,21-Jun-2024,4.9,https://nsearchives.nseindia.com/30d/NIFTYBETF-EQ.svg,Bajaj Finserv Mutual Fund - Bajaj Finserv Nifty 50 ETF,['EQ'],[],False,False,False,False,False,[],True,False,INF0QA701722,False,"{'equityTime': '22-Jul-2024 13:58:28', 'preOpenTime': '22-Jul-2024 09:07:28', 'QuotePreOpenFlag': False}",,243.2585,3.8915000000000077,1.5745498685009136,10.364383316959904
135,BSLSENETFG,BSE SENSEX Index,81.47,81.47,79,79.63,-0.03,-0.04,11447,912554.84,79.4528,81.71,61.6,25-NOV-21, FACE VALUE SPLIT (SUB-DIVISION) - FROM RS 10/- PER SHARE TO RE 1- PER SHARE,20.523686998637814,4.309667277966979,79.66,2.5455880553175847,-29.269480519480506,https://nsearchives.nseindia.com/today/BSLSENETFGEQN.svg,23.37,21-Jul-2023,https://nsearchives.nseindia.com/365d/BSLSENETFG-EQ.svg,21-Jun-2024,5.09,https://nsearchives.nseindia.com/30d/BSLSENETFG-EQ.svg,Aditya Birla Sun Life BSE Sensex ETF,['EQ'],[],False,False,True,False,False,[],True,False,INF209KB10E8,False,"{'equityTime': '22-Jul-2024 13:58:28', 'preOpenTime': '22-Jul-2024 09:07:28', 'QuotePreOpenFlag': False}",,78.3575,1.2724999999999937,1.5980158231822101,11.651710600112175
10,LICNMID100,LIC MF Nifty Midcap 100 ETF,57.57,58.47,54.93,57.54,0.74,1.30,11658,665788.38,55.9251,59,44.1,-,-,Infinity,3.675675675675674,56.8,2.474576271186442,-30.47619047619047,https://nsearchives.nseindia.com/today/LICNMID100EQN.svg,-,-,-,21-Jun-2024,2.16,https://nsearchives.nseindia.com/30d/LICNMID100-EQ.svg,LIC Mutual Fund - LIC MF Nifty Midcap 100 ETF,['EQ'],[],False,False,False,False,False,[],True,False,INF767K01RN1,False,"{'equityTime': '22-Jul-2024 13:58:28', 'preOpenTime': '22-Jul-2024 09:07:28', 'QuotePreOpenFlag': False}",,56.612,0.9279999999999973,1.6127911018421919,17.83739504403031
112,MOM50,Nifty 50,251.66,252.95,248.54,251.76,0.1,0.04,1675,420709.75,250.8633,277,190.45,16-OCT-14,FACE VALUE SPLIT FROM RS.10/- TO RS.7/-,26.544357878864037,4.668856275724438,251.66,9.111913357400725,-32.192176424258335,https://nsearchives.nseindia.com/today/MOM50EQN.svg,26.46,21-Jul-2023,https://nsearchives.nseindia.com/365d/MOM50-EQ.svg,21-Jun-2024,4.7,https://nsearchives.nseindia.com/30d/MOM50-EQ.svg,Motilal Oswal Mutual Fund - Motilal Oswal M50 ETF,['EQ'],[],False,False,True,False,False,[],True,False,INF247L01536,False,"{'equityTime': '22-Jul-2024 13:58:28', 'preOpenTime': '22-Jul-2024 09:07:28', 'QuotePreOpenFlag': False}",,247.623,4.1370000000000005,1.6432316491897045,10.600535957474849
40,MOLOWVOL,Nifty Midcap 100 TRI,38,38.67,38,38.59,0.32,0.84,65401,2517938.5,38.3513,39.95,27,11-AUG-22,FACE VALUE SPLIT (SUB-DIVISION) - FROM RS 10/- PER UNIT TO RS 2/- PER UNIT,38.16684568564269,4.608294930875584,38.27,3.4042553191489344,-42.925925925925945,https://nsearchives.nseindia.com/today/MOLOWVOLEQN.svg,36.97,21-Jul-2023,https://nsearchives.nseindia.com/365d/MOLOWVOL-EQ.svg,21-Jun-2024,4.19,https://nsearchives.nseindia.com/30d/MOLOWVOL-EQ.svg,Motilal Oswal Mutual Fund - Motilal Oswal S&P BSE Low Volatility ETF,['EQ'],[],False,False,True,False,False,[],True,False,INF247L01BL0,False,"{'equityTime': '22-Jul-2024 13:58:28', 'preOpenTime': '22-Jul-2024 09:07:28', 'QuotePreOpenFlag': False}",,37.9325,0.657500000000006,1.703809277014786,10.636467889908259
96,EQUAL50ADD,NIFTY 50 Equal Weight Index,320.49,320.49,315.01,318.72,0.41,0.13,30693,9745027.5,317.41,323.6,227.53,-,-,Infinity,3.8751099957631405,318.31,1.5080346106304063,-40.078231442007656,https://nsearchives.nseindia.com/today/EQUAL50ADDEQN.svg,-,-,-,21-Jun-2024,4.18,https://nsearchives.nseindia.com/30d/EQUAL50ADD-EQ.svg,DSP  Mutual Fund - DSP Nifty 50 Equal Weight ETF,['EQ'],[],False,False,True,False,False,[],True,False,INF740KA1QK2,False,"{'equityTime': '22-Jul-2024 13:58:28', 'preOpenTime': '22-Jul-2024 09:07:28', 'QuotePreOpenFlag': False}",,313.189,5.531000000000006,1.7353790160642586,10.74741999374544
65,NAVINIFTY,Navi Nifty 50 ETF,247.19,248.9,245.52,248.3,1.11,0.45,471,116869.23,247.1946,280.92,189,-,-,Infinity,3.8000083608544806,247.19,11.61184678912146,-31.37566137566138,https://nsearchives.nseindia.com/today/NAVINIFTYEQN.svg,-,-,-,21-Jun-2024,4.98,https://nsearchives.nseindia.com/30d/NAVINIFTY-EQ.svg,Navi Mutual Fund - Navi Nifty 50 ETF,['EQ'],[],False,False,False,False,False,[],True,False,INF959L01HI3,False,"{'equityTime': '22-Jul-2024 13:58:28', 'preOpenTime': '22-Jul-2024 09:07:28', 'QuotePreOpenFlag': False}",,243.94,4.360000000000014,1.7559403946838557,10.228180768889294
13,MOQUALITY,Motilal Oswal S&P BSE Quality ETF,206.9,211.7,205.98,209.5,2.6,1.26,1877,388895.63,207.1851,220,130,-,-,54.46435154464352,4.223670464156017,206.9,4.7727272727272725,-61.15384615384615,https://nsearchives.nseindia.com/today/MOQUALITYEQN.svg,53.66,21-Jul-2023,https://nsearchives.nseindia.com/365d/MOQUALITY-EQ.svg,21-Jun-2024,3.53,https://nsearchives.nseindia.com/30d/MOQUALITY-EQ.svg,Motilal Oswal Mutual Fund - Motilal Oswal S&P BSE Quality ETF,['EQ'],[],False,False,True,False,False,[],True,False,INF247L01BH8,False,"{'equityTime': '22-Jul-2024 13:58:28', 'preOpenTime': '22-Jul-2024 09:07:28', 'QuotePreOpenFlag': False}",,205.7855,3.714499999999987,1.7730310262529771,19.264488215871573
26,LICNFNHGP,Nifty 100,279.5,282.7,272.57,274.93,2.93,1.08,1508,415016.68,274.0427,283.7,200.75,-,-,32.490000481904495,4.175665946724255,272,3.0912936200211427,-36.95143212951432,https://nsearchives.nseindia.com/today/LICNFNHGPEQN.svg,30.32,21-Jul-2023,https://nsearchives.nseindia.com/365d/LICNFNHGP-EQ.svg,21-Jun-2024,3.04,https://nsearchives.nseindia.com/30d/LICNFNHGP-EQ.svg,LIC MF - LIC MF ETF - Nifty 100,['EQ'],[],False,False,False,False,False,[],True,False,INF767K01PC8,False,"{'equityTime': '22-Jul-2024 13:58:28', 'preOpenTime': '22-Jul-2024 09:07:28', 'QuotePreOpenFlag': False}",MUTUAL FUND,270.0475,4.882499999999993,1.775906594405846,12.750164041994752
113,LICNETFN50,Nifty 50,268.59,270.05,267.28,268.7,0.12,0.04,929,249901,268.9912,292,203.5,-,-,24.076468415219793,5.006057290241902,268.58,7.979452054794524,-32.03931203931204,https://nsearchives.nseindia.com/today/LICNETFN50EQN.svg,24.75,21-Jul-2023,https://nsearchives.nseindia.com/365d/LICNETFN50-EQ.svg,21-Jun-2024,4.96,https://nsearchives.nseindia.com/30d/LICNETFN50-EQ.svg,LIC MF - LIC MF EXCHANGE TRADED FUND - NIFTY 50,['EQ'],[],False,False,True,False,False,[],True,False,INF767K01OS7,False,"{'equityTime': '22-Jul-2024 13:58:28', 'preOpenTime': '22-Jul-2024 09:07:28', 'QuotePreOpenFlag': False}",,263.7755,4.924499999999966,1.83271306289541,11.21228425975745
67,CONSUMIETF,Nifty India Consumption Index,116.7,117.43,116.05,117.2,0.5,0.43,10205,1191841.95,116.5122,118.2,82.53,-,-,Infinity,3.0239099859353002,116.7,0.8460236886632826,-42.00896643644735,https://nsearchives.nseindia.com/today/CONSUMIETFEQN.svg,-,-,-,21-Jun-2024,3.34,https://nsearchives.nseindia.com/30d/CONSUMIETF-EQ.svg,ICICI Prudential Nifty India Consumption ETF,['EQ'],[],False,False,True,False,False,[],True,False,INF109KC1V42,False,"{'equityTime': '22-Jul-2024 13:58:28', 'preOpenTime': '22-Jul-2024 09:07:28', 'QuotePreOpenFlag': False}",,115.02450000000002,2.1754999999999853,1.8562286689419667,12.282046369036221
107,SBIETFCON,Nifty India Consumption Index,117.95,117.95,115.75,116.9,0.07,0.06,2448,285852.96,116.2127,133,81.75,-,-,35.89862822599397,2.9955947136563927,116.83,12.105263157894733,-42.996941896024474,https://nsearchives.nseindia.com/today/SBIETFCONEQN.svg,36.82,21-Jul-2023,https://nsearchives.nseindia.com/365d/SBIETFCON-EQ.svg,21-Jun-2024,3.78,https://nsearchives.nseindia.com/30d/SBIETFCON-EQ.svg,SBI Mutual Fund - SBI ETF Consumption,['EQ'],[],False,False,True,False,False,[],True,False,INF200KA1X17,False,"{'equityTime': '22-Jul-2024 13:58:28', 'preOpenTime': '22-Jul-2024 09:07:28', 'QuotePreOpenFlag': False}",,114.61799999999998,2.282000000000025,1.9520958083832547,12.522860718067191
53,CONSUMBEES,Nifty India Consumption TRI,126.55,126.6,125,126.51,0.77,0.61,80583,10158292.98,125.5029,130.25,89.43,-,-,35.95916174099948,3.2650395886050116,125.74,2.871401151631474,-41.46259644414626,https://nsearchives.nseindia.com/today/CONSUMBEESEQN.svg,35.88,21-Jul-2023,https://nsearchives.nseindia.com/365d/CONSUMBEES-EQ.svg,21-Jun-2024,3.4,https://nsearchives.nseindia.com/30d/CONSUMBEES-EQ.svg,Nippon India ETF Nifty India Consumption,['EQ'],[],False,False,True,False,False,[],True,False,INF204KA1LD7,False,"{'equityTime': '22-Jul-2024 13:58:28', 'preOpenTime': '22-Jul-2024 09:07:28', 'QuotePreOpenFlag': False}",,124.00150000000001,2.508499999999998,1.982847205754484,12.453333333333338
55,AXISCETF,NIFTY India Consumption Index,116.34,117.21,115.48,117,0.66,0.57,1339,156180.96,116.1022,119.7,82.52,-,-,35.479388605836036,3.165505687329163,116.34,2.255639097744363,-41.78380998545808,https://nsearchives.nseindia.com/today/AXISCETFEQN.svg,36.12,21-Jul-2023,https://nsearchives.nseindia.com/365d/AXISCETF-EQ.svg,21-Jun-2024,3.5,https://nsearchives.nseindia.com/30d/AXISCETF-EQ.svg,AXIS MUTUAL FUND - Axis NIFTY India Consumption ETF,['EQ'],[],False,False,True,False,False,[],True,False,INF846K016C7,False,"{'equityTime': '22-Jul-2024 13:58:28', 'preOpenTime': '22-Jul-2024 09:07:28', 'QuotePreOpenFlag': False}",,114.66499999999999,2.335000000000008,1.9957264957265026,12.510818347918073
72,LOWVOL,Mirae Asset Nifty 100 Low Volatility 30 ETF,197.99,200.46,197.99,198.98,0.71,0.36,280,55784.4,199.3346,204.21,141.08,-,-,Infinity,4.550231189575451,198.27,2.5610890749718513,-41.04054437198751,https://nsearchives.nseindia.com/today/LOWVOLEQN.svg,-,-,-,21-Jun-2024,4.64,https://nsearchives.nseindia.com/30d/LOWVOL-EQ.svg,Mirae Asset Mutual Fund - Mirae Asset Nifty 100 Low Volatility 30 ETF,['EQ'],[],False,False,True,False,False,[],True,False,INF769K01JU9,False,"{'equityTime': '22-Jul-2024 13:58:28', 'preOpenTime': '22-Jul-2024 09:07:28', 'QuotePreOpenFlag': False}",,194.9965,3.9834999999999923,2.0019599959794916,11.36109245578687
128,LOWVOLIETF,Nifty 100 Low Volatility 30 Index,22.1,22.1,21.1,21.44,0,0.00,745243,15985462.35,21.4434,23.25,17.41,01-MAR-24,FACE VALUE SPLIT (SUB-DIVISION) - FROM RS 10/- PER SHARE TO RE 1/- PER SHARE,Infinity,4.585365853658542,21.44,7.784946236559135,-23.14761631246411,https://nsearchives.nseindia.com/today/LOWVOLIETFEQN.svg,-,-,-,21-Jun-2024,5.46,https://nsearchives.nseindia.com/30d/LOWVOLIETF-EQ.svg,ICICI Prudential Nifty 100 Low Volatility 30 ETF,['EQ'],[],False,False,True,False,False,[],True,False,INF109KC19U5,False,"{'equityTime': '22-Jul-2024 13:58:28', 'preOpenTime': '22-Jul-2024 09:07:28', 'QuotePreOpenFlag': False}",,20.9925,0.44750000000000156,2.0872201492537386,11.608537220197816
167,HDFCLOWVOL,HDFC NIFTY100 Low Volatility 30 ETF,20.15,20.44,19.8,19.9,-0.06,-0.30,11027,218775.68,19.9169,20.7,13,20-OCT-23,FACE VALUE SPLIT (SUB-DIVISION) - FROM RS 126.18/- PER SHARE TO RS 12.618/- PER SHARE,-86.77740863787375,4.681746449237227,19.96,3.8647342995169116,-53.076923076923066,https://nsearchives.nseindia.com/today/HDFCLOWVOLEQN.svg,-86.67,21-Jul-2023,https://nsearchives.nseindia.com/365d/HDFCLOWVOL-EQ.svg,21-Jun-2024,5.66,https://nsearchives.nseindia.com/30d/HDFCLOWVOL-EQ.svg,HDFC Mutual Fund - HDFC NIFTY100 Low Volatility 30 ETF,['EQ'],[],False,False,True,False,False,[],True,False,INF179KC1HU8,False,"{'equityTime': '22-Jul-2024 13:58:28', 'preOpenTime': '22-Jul-2024 09:07:28', 'QuotePreOpenFlag': False}",,19.4825,0.4174999999999969,2.097989949748728,11.297539149888141
64,LICNETFSEN,SENSEX,889.11,895.37,889.11,893.32,4.08,0.46,139,123917.11,891.5331,901.23,674.99,-,-,21.541789684213395,5.345581905447003,889.24,0.8776893800694571,-32.345664380213044,https://nsearchives.nseindia.com/today/LICNETFSENEQN.svg,15.04,21-Jul-2023,https://nsearchives.nseindia.com/365d/LICNETFSEN-EQ.svg,21-Jun-2024,3.92,https://nsearchives.nseindia.com/30d/LICNETFSEN-EQ.svg,LIC Mutual Fund - LIC MF EXCHANGE TRADED FUND - SENSEX,['EQ'],[],False,False,False,False,False,[],True,False,INF767K01OT5,False,"{'equityTime': '22-Jul-2024 13:58:28', 'preOpenTime': '22-Jul-2024 09:07:28', 'QuotePreOpenFlag': False}",,874.46,18.860000000000014,2.111225540679713,10.588147909729024
51,ICICIB22,S&P BSE BHARAT 22 index,116.97,116.97,114.54,116.56,0.76,0.66,1227626,142993876.48,115.4375,121.64,66.5,-,-,69.14816427223917,5.274566473988442,115.8,4.176257809930942,-75.2781954887218,https://nsearchives.nseindia.com/today/ICICIB22EQN.svg,66.71,21-Jul-2023,https://nsearchives.nseindia.com/365d/ICICIB22-EQ.svg,21-Jun-2024,4.92,https://nsearchives.nseindia.com/30d/ICICIB22-EQ.svg,ICICI Prudential Mutual Fund - BHARAT 22 ETF,['EQ'],[],False,False,True,False,False,[],True,False,INF109KB15Y7,False,"{'equityTime': '22-Jul-2024 13:58:28', 'preOpenTime': '22-Jul-2024 09:07:28', 'QuotePreOpenFlag': False}",,113.96099999999998,2.599000000000018,2.2297529169526578,12.847323070965238
165,LOWVOL1,Kotak Nifty 100 Low Vol 30 ETF,20.36,20.75,19.85,20.31,-0.06,-0.29,5480,111079.6,20.2912,21,14.27,-,-,Infinity,4.636785162287473,20.37,3.285714285714292,-42.32655921513664,https://nsearchives.nseindia.com/today/LOWVOL1EQN.svg,-,-,-,21-Jun-2024,5.71,https://nsearchives.nseindia.com/30d/LOWVOL1-EQ.svg,Kotak Nifty 100 Low Volatility 30 ETF,['EQ'],[],False,False,True,False,False,[],True,False,INF174KA1IY5,False,"{'equityTime': '22-Jul-2024 13:58:28', 'preOpenTime': '22-Jul-2024 09:07:28', 'QuotePreOpenFlag': False}",,19.85,0.4599999999999973,2.264894140817318,11.532125205930795
7,MOHEALTH,Motilal Oswal S&P BSE Healthcare ETF,38.77,38.94,38.02,38.93,0.53,1.38,49099,1906023.18,38.4609,39.4,26.06,-,-,44.238606891441286,4.763186221743819,38.4,1.1928934010152257,-49.38603223330775,https://nsearchives.nseindia.com/today/MOHEALTHEQN.svg,42.75,21-Jul-2023,https://nsearchives.nseindia.com/365d/MOHEALTH-EQ.svg,21-Jun-2024,3.62,https://nsearchives.nseindia.com/30d/MOHEALTH-EQ.svg,Motilal Oswal Mutual Fund - Motilal Oswal S&P BSE Healthcare ETF,['EQ'],[],False,False,True,False,False,[],True,False,INF247L01BB1,False,"{'equityTime': '22-Jul-2024 13:58:28', 'preOpenTime': '22-Jul-2024 09:07:28', 'QuotePreOpenFlag': False}",,38.008500000000005,0.9214999999999947,2.367069098381697,11.06990014265336
6,CPSEETF,CPSE ETF,98.95,100.14,94.5,99.78,1.37,1.39,7551348,746677290.24,98.2319,105.5,41.65,-,-,122.8724592360956,6.329923273657286,98.41,5.421800947867298,-139.56782713085235,https://nsearchives.nseindia.com/today/CPSEETFEQN.svg,119.57,21-Jul-2023,https://nsearchives.nseindia.com/365d/CPSEETF-EQ.svg,21-Jun-2024,5.61,https://nsearchives.nseindia.com/30d/CPSEETF-EQ.svg,CPSE ETF,['EQ'],[],False,False,True,False,False,[],True,False,INF457M01133,False,"{'equityTime': '22-Jul-2024 13:58:28', 'preOpenTime': '22-Jul-2024 09:07:28', 'QuotePreOpenFlag': False}",MUTUAL FUND,97.337,2.442999999999998,2.4483864501904167,19.53995447466156
69,HDFCQUAL,HDFC NIFTY100 Quality 30 ETF,59.92,59.94,59.17,59.87,0.23,0.39,6170,367423.5,59.5338,61.95,42.13,-,-,34.35816876122082,3.188555670458453,59.64,3.3575464083938744,-42.10776169000711,https://nsearchives.nseindia.com/today/HDFCQUALEQN.svg,35.79,21-Jul-2023,https://nsearchives.nseindia.com/365d/HDFCQUAL-EQ.svg,21-Jun-2024,4.89,https://nsearchives.nseindia.com/30d/HDFCQUAL-EQ.svg,HDFC Mutual Fund - HDFC NIFTY100 Quality 30 ETF,['EQ'],[],False,False,True,False,False,[],True,False,INF179KC1DL6,False,"{'equityTime': '22-Jul-2024 13:58:28', 'preOpenTime': '22-Jul-2024 09:07:28', 'QuotePreOpenFlag': False}",,58.382000000000005,1.4879999999999924,2.48538500083513,15.847523219814239
198,IVZINNIFTY,Nifty 50,2792.8,2792.8,2740.66,2769.02,-23.78,-0.85,26,71838.78,2750.8718,2848,2073.6,24-DEC-12,DIVIDEND-RS.5/- PER UNIT,27.311264367816094,5.6418199714628035,2792.8,2.7731741573033712,-33.53684413580247,https://nsearchives.nseindia.com/today/IVZINNIFTYEQN.svg,28.4,21-Jul-2023,https://nsearchives.nseindia.com/365d/IVZINNIFTY-EQ.svg,21-Jun-2024,6.72,https://nsearchives.nseindia.com/30d/IVZINNIFTY-EQ.svg,Invesco India Nifty Exchange Traded Fund,['EQ'],[],False,False,False,False,False,[],True,False,INF205K01DA9,False,"{'equityTime': '22-Jul-2024 13:58:28', 'preOpenTime': '22-Jul-2024 09:07:28', 'QuotePreOpenFlag': False}",,2699.364,69.65599999999995,2.515547016634042,11.80731648227409
18,AXISHCETF,Nifty Healthcare Index,132.48,133.49,129.3,132.82,1.58,1.20,13291,1741121,131.3656,136,85.7,-,-,42.70978833136349,5.4043329894452725,131.24,2.338235294117652,-54.98249708284713,https://nsearchives.nseindia.com/today/AXISHCETFEQN.svg,41.74,21-Jul-2023,https://nsearchives.nseindia.com/365d/AXISHCETF-EQ.svg,21-Jun-2024,4.23,https://nsearchives.nseindia.com/30d/AXISHCETF-EQ.svg,AXIS MUTUAL FUND - Axis NIFTY Healthcare ETF,['EQ'],[],False,False,True,False,False,[],True,False,INF846K01Z12,False,"{'equityTime': '22-Jul-2024 13:58:28', 'preOpenTime': '22-Jul-2024 09:07:28', 'QuotePreOpenFlag': False}",,129.476,3.343999999999994,2.5176931185062448,11.47293327738144
47,HEALTHADD,DSP Nifty Healthcare ETF,130.05,131.94,130.05,131.43,0.98,0.75,1599,209868.75,129.9431,132.9,114.9,-,-,Infinity,4.625059703868812,130.45,1.10609480812641,-14.386422976501304,https://nsearchives.nseindia.com/today/HEALTHADDEQN.svg,-,-,-,21-Jun-2024,5.35,https://nsearchives.nseindia.com/30d/HEALTHADD-EQ.svg,DSP Mutual Fund - DSP Nifty Healthcare ETF,['EQ'],[],False,False,False,False,False,[],True,False,INF740KA1UF4,False,"{'equityTime': '22-Jul-2024 13:58:28', 'preOpenTime': '22-Jul-2024 09:07:28', 'QuotePreOpenFlag': False}",,128.0355,3.3944999999999936,2.5827436658297143,11.665250637213258
90,NIFTYQLITY,Aditya Birla Sun Life Nifty 200 Quality 30 ETF,22.12,22.64,21.6,22.16,0.04,0.18,27563,610520.45,22.0793,23.8,15.5,-,-,36.45320197044337,5.775656324582343,22.12,6.890756302521011,-42.96774193548387,https://nsearchives.nseindia.com/today/NIFTYQLITYEQN.svg,37.65,21-Jul-2023,https://nsearchives.nseindia.com/365d/NIFTYQLITY-EQ.svg,21-Jun-2024,5.79,https://nsearchives.nseindia.com/30d/NIFTYQLITY-EQ.svg,Aditya Birla Sun Life Mutual Fund - ABSL Nifty 200 Quality 30 ETF,['EQ'],[],False,False,True,False,False,[],True,False,INF209KB15K4,False,"{'equityTime': '22-Jul-2024 13:58:28', 'preOpenTime': '22-Jul-2024 09:07:28', 'QuotePreOpenFlag': False}",,21.583,0.5770000000000017,2.6037906137184192,18.186666666666667
35,HEALTHIETF,Nifty Healthcare Index,132.23,133.8,129.65,133.52,1.29,0.98,34854,4633142.22,131.8706,138.31,92.14,-,-,Infinity,5.557751600917081,132.23,3.463234762490053,-44.90991968743218,https://nsearchives.nseindia.com/today/HEALTHIETFEQN.svg,-,-,-,21-Jun-2024,4.84,https://nsearchives.nseindia.com/30d/HEALTHIETF-EQ.svg,ICICI PRUDENTIAL MUTUAL FUND - ICICI Prudential Nifty Healthcare ETF,['EQ'],[],False,False,True,False,False,[],True,False,INF109KC1Q72,False,"{'equityTime': '22-Jul-2024 13:58:28', 'preOpenTime': '22-Jul-2024 09:07:28', 'QuotePreOpenFlag': False}",,129.9885,3.5315000000000225,2.6449221090473505,11.732217573221766
34,HEALTHY,Nifty Healthcare TRI,13.26,13.45,13.08,13.4,0.13,0.98,285417,3798900.27,13.2428,14.47,8.27,-,-,43.931256713211596,5.098039215686277,13.27,7.394609536973049,-62.03143893591295,https://nsearchives.nseindia.com/today/HEALTHYEQN.svg,42.84,21-Jul-2023,https://nsearchives.nseindia.com/365d/HEALTHY-EQ.svg,21-Jun-2024,4.82,https://nsearchives.nseindia.com/30d/HEALTHY-EQ.svg,Aditya Birla Sun Life MF-Aditya Birla Sun Life Nifty Healthcare ETF,['EQ'],[],False,False,True,False,False,[],True,False,INF209KB10C2,False,"{'equityTime': '22-Jul-2024 13:58:28', 'preOpenTime': '22-Jul-2024 09:07:28', 'QuotePreOpenFlag': False}",,13.0415,0.35850000000000115,2.6753731343283667,11.573688592839305
158,TNIDETF,Nifty India Digital Index,89.84,90.83,88.09,89.65,-0.19,-0.21,72002,6422578.4,90.1542,92,60.51,-,-,43.32533972821744,8.220666344760987,89.84,2.5543478260869503,-48.157329367046785,https://nsearchives.nseindia.com/today/TNIDETFEQN.svg,45.37,21-Jul-2023,https://nsearchives.nseindia.com/365d/TNIDETF-EQ.svg,21-Jun-2024,7.9,https://nsearchives.nseindia.com/30d/TNIDETF-EQ.svg,Tata Mutual Fund - Tata Nifty India Digital Exchange Traded Fund,['EQ'],[],False,False,True,False,False,[],True,False,INF277KA1364,False,"{'equityTime': '22-Jul-2024 13:58:28', 'preOpenTime': '22-Jul-2024 09:07:28', 'QuotePreOpenFlag': False}",,87.2465,2.403500000000008,2.6809815950920335,14.715291106845807
9,PHARMABEES,Nifty Pharma TRI,21,21.12,20.5,21.09,0.27,1.30,2949035,61900244.65,20.8044,21.44,14.25,-,-,45.85062240663899,5.502751375687851,20.82,1.6324626865671708,-48.0,https://nsearchives.nseindia.com/today/PHARMABEESEQN.svg,43.88,21-Jul-2023,https://nsearchives.nseindia.com/365d/PHARMABEES-EQ.svg,21-Jun-2024,4.73,https://nsearchives.nseindia.com/30d/PHARMABEES-EQ.svg,Nippon India Mutual Fund - Nippon India Nifty Pharma ETF,['EQ'],[],False,False,True,False,False,[],True,False,INF204KC1089,False,"{'equityTime': '22-Jul-2024 13:58:28', 'preOpenTime': '22-Jul-2024 09:07:28', 'QuotePreOpenFlag': False}",,20.506999999999998,0.583000000000002,2.7643432906590895,10.999999999999998
2,CONS,Kotak Nifty India Consumption ETF,114.92,117,114.92,117,2.08,1.81,1086,126377.82,115.354,117,82,-,-,Infinity,3.4025629695094954,114.92,0.0,-42.68292682926829,https://nsearchives.nseindia.com/today/CONSEQN.svg,-,-,-,21-Jun-2024,2.78,https://nsearchives.nseindia.com/30d/CONS-EQ.svg,Kotak Nifty India Consumption ETF,['EQ'],[],False,False,False,False,False,[],True,False,INF174KA1JE5,False,"{'equityTime': '22-Jul-2024 13:58:28', 'preOpenTime': '22-Jul-2024 09:07:28', 'QuotePreOpenFlag': False}",,113.76400000000001,3.23599999999999,2.7658119658119573,13.603262452665312
44,SBIETFQLTY,Nifty 200 Quality 30 Index,230,232.5,230,232.42,1.79,0.78,1152,266780.16,230.6055,239.7,155.11,-,-,35.95788242176075,6.220008226315062,230.63,3.037129745515228,-49.842047579137365,https://nsearchives.nseindia.com/today/SBIETFQLTYEQN.svg,36.77,21-Jul-2023,https://nsearchives.nseindia.com/365d/SBIETFQLTY-EQ.svg,21-Jun-2024,5.59,https://nsearchives.nseindia.com/30d/SBIETFQLTY-EQ.svg,SBI Mutual Fund - SBI - ETF Quality - SBI-ETF Quality,['EQ'],[],False,False,True,False,False,[],True,False,INF200KA1WX6,False,"{'equityTime': '22-Jul-2024 13:58:28', 'preOpenTime': '22-Jul-2024 09:07:28', 'QuotePreOpenFlag': False}",,225.44699999999997,6.973000000000013,3.0001721022287295,18.648220940323654
105,HDFCVALUE,HDFC NIFTY50 Value 20 ETF,139.09,142.7,139.09,141.96,0.1,0.07,4179,594588.12,142.1723,147,99.25,-,-,36.98735887291326,8.102345415778263,141.86,3.428571428571423,-43.03274559193956,https://nsearchives.nseindia.com/today/HDFCVALUEEQN.svg,39.09,21-Jul-2023,https://nsearchives.nseindia.com/365d/HDFCVALUE-EQ.svg,21-Jun-2024,7.78,https://nsearchives.nseindia.com/30d/HDFCVALUE-EQ.svg,HDFC Mutual Fund - HDFC NIFTY50 Value 20 ETF,['EQ'],[],False,False,True,False,False,[],True,False,INF179KC1DK8,False,"{'equityTime': '22-Jul-2024 13:58:28', 'preOpenTime': '22-Jul-2024 09:07:28', 'QuotePreOpenFlag': False}",,137.198,4.7620000000000005,3.3544660467737395,15.068493150684933
134,DIVOPPBEES,Nifty Dividend Opportunities 50 TRI,85.79,85.79,83.1,84.61,-0.02,-0.02,41088,3468238.08,83.9902,87,53.12,-,-,51.19728377412437,6.9523448363038804,84.63,2.7471264367816097,-59.2808734939759,https://nsearchives.nseindia.com/today/DIVOPPBEESEQN.svg,53.59,21-Jul-2023,https://nsearchives.nseindia.com/365d/DIVOPPBEES-EQ.svg,21-Jun-2024,7.17,https://nsearchives.nseindia.com/30d/DIVOPPBEES-EQ.svg,Nippon India ETF Nifty Dividend Opportunities 50,['EQ'],[],False,False,True,False,False,[],True,False,INF204KA1MS3,False,"{'equityTime': '22-Jul-2024 13:58:28', 'preOpenTime': '22-Jul-2024 09:07:28', 'QuotePreOpenFlag': False}",,81.6095,3.0005000000000024,3.5462711263444064,15.492765492765484
127,NV20IETF,Nifty50 Value 20,15.9,15.9,15,15.45,0,0.00,362541,5594007.63,15.4232,16.3,12.32,01-MAR-24,FACE VALUE SPLIT (SUB-DIVISION) - FROM RS 10/- PER SHARE TO RE 1/- PER SHARE,Infinity,8.573436401967665,15.45,5.214723926380376,-25.405844155844147,https://nsearchives.nseindia.com/today/NV20IETFEQN.svg,-,-,-,21-Jun-2024,8.35,https://nsearchives.nseindia.com/30d/NV20IETF-EQ.svg,ICICI Prudential Nifty50 Value 20 ETF,['EQ'],[],False,False,True,False,False,[],True,False,INF109KC11V0,False,"{'equityTime': '22-Jul-2024 13:58:28', 'preOpenTime': '22-Jul-2024 09:07:28', 'QuotePreOpenFlag': False}",,14.848499999999998,0.6015000000000015,3.8932038834951554,15.126676602086434
76,NV20,Nifty50 Value 20,158.49,159.82,157.18,157.65,0.48,0.31,10601,1674958,157.5636,160.14,131.11,-,-,-95.55414551607446,-95.60177435554067,157.17,1.55488947171224,-20.242544428342605,https://nsearchives.nseindia.com/today/NV20EQN.svg,-,-,-,21-Jun-2024,7.69,https://nsearchives.nseindia.com/30d/NV20-EQ.svg,Kotak Nifty 50 value 20 ETF,['EQ'],[],False,False,True,False,False,[],True,False,INF174K01Z71,False,"{'equityTime': '22-Jul-2024 13:58:28', 'preOpenTime': '22-Jul-2024 09:07:28', 'QuotePreOpenFlag': False}",,151.504,6.146000000000015,3.8985093561687374,15.165461319307488
77,NV20,Nifty50 Value 20,158.49,159.82,157.18,157.65,0.48,0.31,10601,1674958,157.5636,160.14,131.11,-,-,Infinity,8.313294400549635,157.17,1.55488947171224,-20.242544428342605,https://nsearchives.nseindia.com/today/NV20EQN.svg,-,-,-,21-Jun-2024,7.69,https://nsearchives.nseindia.com/30d/NV20-EQ.svg,Kotak Nifty 50 value 20 ETF,['EQ'],[],False,False,True,False,False,[],True,False,INF174K01Z71,False,"{'equityTime': '22-Jul-2024 13:58:28', 'preOpenTime': '22-Jul-2024 09:07:28', 'QuotePreOpenFlag': False}",,151.504,6.146000000000015,3.8985093561687374,15.165461319307488
87,NV20BEES,Nifty50 Value20 TRI,158.94,162,155.32,158.74,0.33,0.21,22194,3523741.38,158.2527,162.65,110.59,-,-,36.88022764508063,9.002266016617465,158.41,2.403934829388255,-43.539198842571665,https://nsearchives.nseindia.com/today/NV20BEESEQN.svg,39.48,21-Jul-2023,https://nsearchives.nseindia.com/365d/NV20BEES-EQ.svg,21-Jun-2024,8.15,https://nsearchives.nseindia.com/30d/NV20BEES-EQ.svg,Nippon India ETF Nifty 50 Value 20,['EQ'],[],False,False,True,False,False,[],True,False,INF204KB18I3,False,"{'equityTime': '22-Jul-2024 13:58:28', 'preOpenTime': '22-Jul-2024 09:07:28', 'QuotePreOpenFlag': False}",,152.4095,6.330500000000001,3.987967745999748,15.237749546279497
160,HDFCGROWTH,HDFC NIFTY Growth Sectors 15 ETF,122.18,122.99,121.59,121.89,-0.29,-0.24,3305,403771.85,122.3611,123.5,95.3,-,-,20.587653343886032,7.972362476747276,122.18,1.303643724696356,-27.901364113326345,https://nsearchives.nseindia.com/today/HDFCGROWTHEQN.svg,24.32,21-Jul-2023,https://nsearchives.nseindia.com/365d/HDFCGROWTH-EQ.svg,21-Jun-2024,8.63,https://nsearchives.nseindia.com/30d/HDFCGROWTH-EQ.svg,HDFC Mutual Fund - HDFC NIFTY Growth Sectors 15 ETF,['EQ'],[],False,False,True,False,False,[],True,False,INF179KC1DJ0,False,"{'equityTime': '22-Jul-2024 13:58:28', 'preOpenTime': '22-Jul-2024 09:07:28', 'QuotePreOpenFlag': False}",,116.0815,5.808499999999995,4.765362211830334,12.010659805182879
93,SHARIABEES,Shariah,560.37,563.93,554.69,560.9,0.86,0.15,3417,1913485.83,558.9236,570.39,420.66,10-MAR-14,DIVIDEND-RS.2 PER UNIT,28.99293976956512,10.341707158735465,560.04,1.663773909079754,-33.33808776684256,https://nsearchives.nseindia.com/today/SHARIABEESEQN.svg,32.11,21-Jul-2023,https://nsearchives.nseindia.com/365d/SHARIABEES-EQ.svg,21-Jun-2024,10.37,https://nsearchives.nseindia.com/30d/SHARIABEES-EQ.svg,Nippon India ETF Nifty 50 Shariah BeES,['EQ'],[],False,False,True,False,False,[],True,False,INF732E01128,False,"{'equityTime': '22-Jul-2024 13:58:28', 'preOpenTime': '22-Jul-2024 09:07:28', 'QuotePreOpenFlag': False}",MUTUAL FUND,531.8254999999999,29.074500000000057,5.183544303797478,16.54338430851064
184,SBIETFIT,Nifty IT Index,426.43,426.44,418.09,422.85,-2.57,-0.60,11763,4983394.95,425.8554,433.01,308.08,-,-,29.315881219609167,13.651024028382524,425.42,2.346366134731292,-37.253310828356284,https://nsearchives.nseindia.com/today/SBIETFITEQN.svg,35.5,21-Jul-2023,https://nsearchives.nseindia.com/365d/SBIETFIT-EQ.svg,21-Jun-2024,13.47,https://nsearchives.nseindia.com/30d/SBIETFIT-EQ.svg,SBI Mutual Fund-SBI ETF IT,['EQ'],[],False,False,True,False,False,[],True,False,INF200KA1S14,False,"{'equityTime': '22-Jul-2024 13:58:28', 'preOpenTime': '22-Jul-2024 09:07:28', 'QuotePreOpenFlag': False}",,398.0955,24.754500000000007,5.854203618304365,18.898324148014858
177,ITBEES,Nifty IT TRI,42.4,42.61,42.03,42.39,-0.22,-0.52,6926124,293598396.36,42.6599,43.49,30.88,-,-,29.395604395604405,13.615652640042878,42.61,2.529317084387219,-37.27331606217617,https://nsearchives.nseindia.com/today/ITBEESEQN.svg,35.57,21-Jul-2023,https://nsearchives.nseindia.com/365d/ITBEES-EQ.svg,21-Jun-2024,13.38,https://nsearchives.nseindia.com/30d/ITBEES-EQ.svg,Nippon India Mutual Fund - Nippon India ETF Nifty IT,['EQ'],[],False,False,True,False,False,[],True,False,INF204KB15V2,False,"{'equityTime': '22-Jul-2024 13:58:28', 'preOpenTime': '22-Jul-2024 09:07:28', 'QuotePreOpenFlag': False}",,39.875,2.5150000000000006,5.93300306676103,19.1064905872436
178,ITIETF,Nifty IT Index,46.97,46.97,42.04,42.35,-0.22,-0.52,397154,16823443.44,42.603,46.97,28.2,01-SEP-22,FACE VALUE SPLIT (SUB-DIVISION) - FROM RS 10/- PER UNIT TO RE 1/- PER UNIT,Infinity,13.813490997043806,42.57,9.836065573770487,-50.17730496453902,https://nsearchives.nseindia.com/today/ITIETFEQN.svg,-,-,-,21-Jun-2024,13.46,https://nsearchives.nseindia.com/30d/ITIETF-EQ.svg,ICICI PRUDENTIAL MUTUAL FUND - ICICI Prudential Nifty IT ETF,['EQ'],[],False,False,True,False,False,[],True,False,INF109KC16I6,False,"{'equityTime': '22-Jul-2024 13:58:28', 'preOpenTime': '22-Jul-2024 09:07:28', 'QuotePreOpenFlag': False}",,39.835499999999996,2.5145000000000053,5.937426210153495,19.497742663656897
174,AXISTECETF,NIFTY IT Index,422.83,426.93,416.74,421,-1.82,-0.43,4472,1884098.32,423.2076,437.7,306.5,-,-,29.550420038772796,13.99637161192494,422.82,3.8153986748914757,-37.35725938009788,https://nsearchives.nseindia.com/today/AXISTECETFEQN.svg,34.8,21-Jul-2023,https://nsearchives.nseindia.com/365d/AXISTECETF-EQ.svg,21-Jun-2024,13.7,https://nsearchives.nseindia.com/30d/AXISTECETF-EQ.svg,AXIS MUTUAL FUND - AXIS NIFTY IT ETF,['EQ'],[],False,False,True,False,False,[],True,False,INF846K01Y96,False,"{'equityTime': '22-Jul-2024 13:58:28', 'preOpenTime': '22-Jul-2024 09:07:28', 'QuotePreOpenFlag': False}",,395.58450000000005,25.415499999999952,6.036935866983361,19.05098549331222
172,ITETFADD,DSP Nifty IT ETF,40.96,40.96,39.55,40.37,-0.16,-0.39,12459,503966.55,40.5927,42.17,29,-,-,Infinity,13.942986169912498,40.53,4.268437277685568,-39.20689655172413,https://nsearchives.nseindia.com/today/ITETFADDEQN.svg,-,-,-,21-Jun-2024,13.75,https://nsearchives.nseindia.com/30d/ITETFADD-EQ.svg,DSP Mutual Fund - DSP Nifty IT ETF,['EQ'],[],False,False,True,False,False,[],True,False,INF740KA1SX1,False,"{'equityTime': '22-Jul-2024 13:58:28', 'preOpenTime': '22-Jul-2024 09:07:28', 'QuotePreOpenFlag': False}",,37.9295,2.4405,6.045330691107258,18.91016200294549
169,IT,NIFTY IT Index,41.81,42.49,41.8,42.22,-0.13,-0.31,94303,3981472.66,42.414,43.37,30.4,-,-,Infinity,14.077276411780604,42.35,2.6516024902005966,-38.881578947368425,https://nsearchives.nseindia.com/today/ITEQN.svg,-,-,-,21-Jun-2024,13.57,https://nsearchives.nseindia.com/30d/IT-EQ.svg,Kotak Nifty IT ETF,['EQ'],[],False,False,True,False,False,[],True,False,INF174KA1GC5,False,"{'equityTime': '22-Jul-2024 13:58:28', 'preOpenTime': '22-Jul-2024 09:07:28', 'QuotePreOpenFlag': False}",,39.62949999999999,2.590500000000006,6.135717669351033,18.862612612612597
175,ITETF,Mirae Asset Nifty IT ETF,40.6,40.6,40.04,40.44,-0.18,-0.44,75177,3034895.49,40.5795,45.5,30.4,-,-,Infinity,14.366515837104068,40.62,11.120879120879126,-33.026315789473685,https://nsearchives.nseindia.com/today/ITETFEQN.svg,-,-,-,21-Jun-2024,13.56,https://nsearchives.nseindia.com/30d/ITETF-EQ.svg,Mirae Asset Mutual Fund - Mirae Asset Nifty IT ETF,['EQ'],[],False,False,True,False,False,[],True,False,INF769K01KV5,False,"{'equityTime': '22-Jul-2024 13:58:28', 'preOpenTime': '22-Jul-2024 09:07:28', 'QuotePreOpenFlag': False}",,37.951,2.488999999999997,6.1547972304648795,19.186560565870906
85,HDFCNIFIT,HDFC NIFTY IT ETF,41.17,41.18,40.55,40.9,0.1,0.25,13488,551254.56,40.9817,44.42,29.61,02-FEB-24,FACE VALUE SPLIT (SUB-DIVISION) - FROM RS 299.92/- PER SHARE TO RS 29.992/- PER SHARE,-87.00968715261236,14.373601789709173,40.8,7.924358397118422,-38.129010469436004,https://nsearchives.nseindia.com/today/HDFCNIFITEQN.svg,-86.55,21-Jul-2023,https://nsearchives.nseindia.com/365d/HDFCNIFIT-EQ.svg,21-Jun-2024,12.99,https://nsearchives.nseindia.com/30d/HDFCNIFIT-EQ.svg,HDFC Mutual Fund - HDFC NIFTY IT ETF,['EQ'],[],False,False,True,False,False,[],True,False,INF179KC1IA8,False,"{'equityTime': '22-Jul-2024 13:58:28', 'preOpenTime': '22-Jul-2024 09:07:28', 'QuotePreOpenFlag': False}",,38.303,2.5970000000000013,6.349633251833745,19.485831142272865
144,TECH,Nifty IT TRI Index,42.1,42.1,40.54,41.57,-0.04,-0.10,14581,605403.12,41.6563,42.5,26.63,-,-,29.62270034299969,14.423341590971656,41.61,2.1882352941176464,-56.102140443109285,https://nsearchives.nseindia.com/today/TECHEQN.svg,35.41,21-Jul-2023,https://nsearchives.nseindia.com/365d/TECH-EQ.svg,21-Jun-2024,13.63,https://nsearchives.nseindia.com/30d/TECH-EQ.svg,Aditya Birla Sun Life Mutual Fund - Aditya Birla Sun Life Nifty IT ETF,['EQ'],[],False,False,True,False,False,[],True,False,INF209KB11D8,False,"{'equityTime': '22-Jul-2024 13:58:28', 'preOpenTime': '22-Jul-2024 09:07:28', 'QuotePreOpenFlag': False}",,38.912,2.6580000000000013,6.394034159249462,19.282639885222377
0,NIFITETF,UTI Nifty IT ETF,393.47,403.41,393.47,401.5,8.03,2.04,302,120597.66,402.8435,432,321.68,-,-,Infinity,14.283274507571448,393.47,7.060185185185185,-24.813479234021383,https://nsearchives.nseindia.com/today/NIFITETFEQN.svg,-,-,-,21-Jun-2024,10.98,https://nsearchives.nseindia.com/30d/NIFITETF-EQ.svg,UTI Mutual Fund - UTI Nifty IT ETF,['EQ'],[],False,False,False,False,False,[],True,False,INF789F1AZD8,False,"{'equityTime': '22-Jul-2024 13:58:28', 'preOpenTime': '22-Jul-2024 09:07:28', 'QuotePreOpenFlag': False}",,375.742,25.75799999999998,6.415442092154416,19.150072706769137
209,MONQ50,Nasdaq Q-50 Total Return Index,81.53,92.65,74.4,74.79,-3.23,-4.14,441934,36088330.44,62.4245,92.65,51.5,-,-,37.582781456953654,13.870280146163214,78.02,19.276848354020505,-45.223300970873794,https://nsearchives.nseindia.com/today/MONQ50EQN.svg,43.87,21-Jul-2023,https://nsearchives.nseindia.com/365d/MONQ50-EQ.svg,21-Jun-2024,19.04,https://nsearchives.nseindia.com/30d/MONQ50-EQ.svg,Motilal Oswal Mutual Fund - Motilal Oswal Nasdaq Q 50 ETF,['EQ'],[],False,False,True,False,False,[],True,False,INF247L01AU3,False,"{'equityTime': '22-Jul-2024 13:58:28', 'preOpenTime': '22-Jul-2024 09:07:28', 'QuotePreOpenFlag': False}",,69.8,4.990000000000009,6.6720149752640845,22.78771958627485
